Product Name,Purchase Price (KES),Selling Price (KES),Category,Brand,Barcode,Stock,Margin (%),Profit per Unit (KES)
Atlas Ultra Strong 14,1120,1600,Beer,N/A,,10,30%,480.00
Balozi Can,1046.5,1495,Beer,N/A,,10,30%,448.50
Balozi Lager,980,1400,Beer,N/A,,10,30%,420.00
Balozi Light,910,1300,Beer,N/A,,10,30%,390.00
Balozi Strong,1120,1600,Beer,N/A,,10,30%,480.00
Bavaria 0.0 Apple Beer,280,400,Beer,N/A,,10,30%,120.00
Bavaria 0.0 Cherry,140,200,Beer,N/A,,10,30%,60.00
Bavaria 0.0 Ginger Lime,280,400,Beer,N/A,,10,30%,120.00
Bavaria 0.0 Grapefruit,140,200,Beer,N/A,,10,30%,60.00
Bavaria 0.0 Lemon,140,200,Beer,N/A,,10,30%,60.00
Bavaria 0.0 Mango Passion,140,200,Beer,N/A,,10,30%,60.00
Bavaria 0.0 Orange,140,200,Beer,N/A,,10,30%,60.00
Bavaria 0.0 Tropical,140,200,Beer,N/A,,10,30%,60.00
Bavaria 0.0% Original,1365,1950,Beer,N/A,,10,30%,585.00
Bavaria Black,1260,1800,Beer,N/A,,10,30%,540.00
Bavaria Original 8.6%,1470,2100,Beer,N/A,,10,30%,630.00
Bila Shaka Blonde Ale,1155,1650,Beer,N/A,,10,30%,495.00
Bila Shaka Chez Guerrilla-Imperial Stout,1050,1500,Beer,N/A,,10,30%,450.00
Bila Shaka Dark Lager,1225,1750,Beer,N/A,,10,30%,525.00
Bila Shaka Dirty Hairy-Copper Ale,1050,1500,Beer,N/A,,10,30%,450.00
Bila Shaka Fruity Fly-Mango IPA,1050,1500,Beer,N/A,,10,30%,450.00
Bila Shaka IPA,1260,1800,Beer,N/A,,10,30%,540.00
Bila Shaka Jua Kali-Hopped Lager,1155,1650,Beer,N/A,,10,30%,495.00
Bila Shaka Original Lager,1120,1600,Beer,N/A,,10,30%,480.00
Budweiser Beer 355ml,1050,1500,Beer,N/A,,10,30%,450.00
Budweiser Beer Can,1050,1500,Beer,N/A,,10,30%,450.00
Budweiser Light,1085,1550,Beer,N/A,,10,30%,465.00
Budweiser Select,1155,1650,Beer,N/A,,10,30%,495.00
Carlsberg,154,220,Beer,N/A,,10,30%,66.00
Castle Draught,1085,1550,Beer,N/A,,10,30%,465.00
Castle Lite,1050,1500,Beer,N/A,,10,30%,450.00
Castle Lite Can,1015,1450,Beer,N/A,,10,30%,435.00
Castle Milk Stout,210,300,Beer,N/A,,10,30%,90.00
Castle Milk Stout 500ml,245,350,Beer,N/A,,10,30%,105.00
Coolberg Apple 0.0 Beer,210,300,Beer,N/A,,10,30%,90.00
Coolberg Cranberry Beer 0.0,210,300,Beer,N/A,,10,30%,90.00
Coolberg Ginger Beer 0.0,210,300,Beer,N/A,,10,30%,90.00
Coolberg Grapefruit 0.0 Beer,210,300,Beer,N/A,,10,30%,90.00
Coolberg Lemon 0.0 Beer,210,300,Beer,N/A,,10,30%,90.00
Coolberg Lime 0.0 Beer,210,300,Beer,N/A,,10,30%,90.00
Coolberg Malt 0.0 Beer,210,300,Beer,N/A,,10,30%,90.00
Coolberg Mint 0.0 Beer,210,300,Beer,N/A,,10,30%,90.00
Coolberg Orange 0.0 Beer,210,300,Beer,N/A,,10,30%,90.00
Coolberg Peach 0.0 Beer,210,300,Beer,N/A,,10,30%,90.00
Coolberg Strawberry 0.0 Beer,210,300,Beer,N/A,,10,30%,90.00
Curonia Beer 16%,266,380,Beer,N/A,,10,30%,114.00
Desperados,1539.3,2199,Beer,N/A,,10,30%,659.70
Desperados Original,1540,2200,Beer,N/A,,10,30%,660.00
Desperados Red,1610,2300,Beer,N/A,,10,30%,690.00
Desperados Verde,1610,2300,Beer,N/A,,10,30%,690.00
Faxe 10% Extra,1575,2250,Beer,N/A,,10,30%,675.00
Golden Rump beer,1015,1450,Beer,N/A,,10,30%,435.00
Guinness Draught,1400,2000,Beer,N/A,,10,30%,600.00
Guinness Hop house beer,1155,1650,Beer,N/A,,10,30%,495.00
Guinness Smooth 330ml,1470,2100,Beer,N/A,,10,30%,630.00
Guinness can,1260,1800,Beer,N/A,,10,30%,540.00
Heineken Lager 330ml,1400,2000,Beer,N/A,,10,30%,600.00
Heineken Lager 500ml Can,1596,2280,Beer,N/A,,10,30%,684.00
Heineken Light,1330,1900,Beer,N/A,,10,30%,570.00
Hopsmith Lager Gluten Free,336,480,Beer,N/A,,10,30%,144.00
Hunter's Gold Cider,1470,2100,Beer,N/A,,10,30%,630.00
Jack Daniel's Apple Tonic Beer,2450,3500,Beer,Jack Daniel's,,10,30%,1050.00
Jack Daniel's Honey Lemonade,2450,3500,Beer,Jack Daniel's,,10,30%,1050.00
K.O - Lime & Ginger,1256.5,1795,Beer,K.O,,10,30%,538.50
K.O Beer - Mango and Ginger,1256.5,1795,Beer,K.O,,10,30%,538.50
K.O Beer - Pineapple & Mint,1256.5,1795,Beer,K.O,,10,30%,538.50
K.O Chilli and Turmeric Tonic Water,1120,1600,Beer,K.O,,10,30%,480.00
K.O Classic,1085,1550,Beer,K.O,,10,30%,465.00
K.O Extra Strong,1400,2000,Beer,K.O,,10,30%,600.00
K.O Hibiscus and lime,1050,1500,Beer,K.O,,10,30%,450.00
K.O Light Tonic,105,150,Beer,K.O,,10,30%,45.00
K.O Original,1120,1600,Beer,K.O,,10,30%,480.00
K.O Passion & Lime,1189.3,1699,Beer,K.O,,10,30%,509.70
K.O Premium,1330,1900,Beer,K.O,,10,30%,570.00
K.O Strong,1260,1800,Beer,K.O,,10,30%,540.00
Karibrew beer,1015,1450,Beer,N/A,,10,30%,435.00
Manyatta Cider Beer,1470,2100,Beer,N/A,,10,30%,630.00
O J 12% Beer,1260,1800,Beer,N/A,,10,30%,540.00
O J 16% Beer,1260,1800,Beer,N/A,,10,30%,540.00
Obolon Premium,210,300,Beer,N/A,,10,30%,90.00
Obolon Strong 8.6%,1050,1500,Beer,N/A,,10,30%,450.00
Oettinger Pils 4.7%,1050,1500,Beer,N/A,,10,30%,450.00
Peroni,980,1400,Beer,N/A,,10,30%,420.00
Pilsner lager,1120,1600,Beer,N/A,,10,30%,480.00
Savanna Cider,1470,2100,Beer,N/A,,10,30%,630.00
Savanna Dry 500ml,175,250,Beer,N/A,,10,30%,75.00
Savanna Dry Cider,1540,2200,Beer,N/A,,10,30%,660.00
Sikera Apple Cider,909.3,1299,Beer,N/A,,10,30%,389.70
Smirnoff Ice Blue,1050,1500,Beer,Smirnoff,,10,30%,450.00
Smirnoff Ice Green,1050,1500,Beer,Smirnoff,,10,30%,450.00
Smirnoff Ice Pineapple Punch,1046.5,1495,Beer,Smirnoff,,10,30%,448.50
Snapp,1050,1500,Beer,N/A,,10,30%,450.00
Summit Lager,161,230,Beer,N/A,,10,30%,69.00
Test 1,0.7,1,Beer,N/A,6164002695771,8,30%,0.30
Tusker Cider,1116.5,1595,Beer,N/A,,10,30%,478.50
Tusker Lager,1116.5,1595,Beer,N/A,,10,30%,478.50
Tusker Lite,1189.3,1699,Beer,N/A,,10,30%,509.70
Tusker Malt,1186.5,1695,Beer,N/A,,10,30%,508.50
Tusker Ndimu,1470,2100,Beer,N/A,,10,30%,630.00
Whitecap,1190,1700,Beer,N/A,,10,30%,510.00
Whitecap Light,1120,1600,Beer,N/A,,10,30%,480.00
Whitecap Original,1190,1700,Beer,N/A,,10,30%,510.00
Whitecap Strong,1330,1900,Beer,N/A,,10,30%,570.00
Bardinet VSOP Brandy,1610,2300,Brandy,N/A,,9,30%,690.00
Camus Borderies,17500,25000,Brandy,N/A,,10,30%,7500.00
Camus VSOP,5040,7200,Brandy,N/A,,10,30%,2160.00
Camus XO,24360,34800,Brandy,N/A,,10,30%,10440.00
Cicero Brandy,980,1400,Brandy,N/A,,10,30%,420.00
Courvoisier VSOP,5040,7200,Brandy,N/A,,10,30%,2160.00
Don Montego VSOP,1470,2100,Brandy,N/A,,10,30%,630.00
Dusse VSOP Cognac,7840,11200,Brandy,N/A,,10,30%,3360.00
Emperador Brandy,2450,3500,Brandy,N/A,,10,30%,1050.00
Godet XO,13650,19500,Brandy,N/A,,10,30%,5850.00
Grand Marnier,2940,4200,Brandy,N/A,,10,30%,1260.00
Grand Marnier Nuit Parisienne,4130,5900,Brandy,N/A,,10,30%,1770.00
Grand Marnier Raspberry Peach,3080,4400,Brandy,N/A,,10,30%,1320.00
Imperial Blue Whiskey,1050,1500,Brandy,N/A,,10,30%,450.00
JP Chenet French Brandy XO,2450,3500,Brandy,N/A,,10,30%,1050.00
KWV Brandy 10 years,2590,3700,Brandy,N/A,,10,30%,1110.00
KWV XO,10360,14800,Brandy,N/A,,10,30%,4440.00
KWV brandy 12 years,4410,6300,Brandy,N/A,,10,30%,1890.00
McDowell's No.1 Whisky,1050,1500,Brandy,N/A,,10,30%,450.00
Metaxa 5 Stars,3150,4500,Brandy,N/A,,10,30%,1350.00
Metaxa 7 Stars,3780,5400,Brandy,N/A,,10,30%,1620.00
Napoleon Gold Brandy,1260,1800,Brandy,N/A,,10,30%,540.00
Raynal Vsop Brandy,2450,3500,Brandy,N/A,,10,30%,1050.00
Remy Martin XO,19600,28000,Brandy,N/A,,10,30%,8400.00
Remy Martin's XO,19600,28000,Brandy,N/A,,10,30%,8400.00
Richot Brandy 750ml,1085,1550,Brandy,N/A,,10,30%,465.00
St Remy VSOP,1680,2400,Brandy,N/A,,10,30%,720.00
St Remy XO,2380,3400,Brandy,N/A,,10,30%,1020.00
St Rhys Napoleon Brandy,1750,2500,Brandy,N/A,,10,30%,750.00
Test Two,1.4,2,Brandy,N/A,6164004676228,10,30%,0.60
Three Barrels VSOP,1816.5,2595,Brandy,N/A,,10,30%,778.50
Viceroy,1190,1700,Brandy,N/A,,10,30%,510.00
Viceroy 10 Years,3010,4300,Brandy,N/A,,10,30%,1290.00
Ace Of Spades Champagne,45500,65000,Champagne,N/A,,10,30%,19500.00
Arthur Metz Crémant Rose,2166.5,3095,Champagne,Arthur Metz Crémant,,10,30%,928.50
Arthur Metz Crémant d'Alsace,2520,3600,Champagne,Arthur Metz Crémant,,10,30%,1080.00
Belaire Bleu,3640,5200,Champagne,N/A,,10,30%,1560.00
Belaire Brut,3920,5600,Champagne,N/A,,10,30%,1680.00
Belaire Gold,3640,5200,Champagne,N/A,,10,30%,1560.00
Belaire Gold Fantome,3640,5200,Champagne,N/A,,10,30%,1560.00
Belaire Luxe,3640,5200,Champagne,N/A,,10,30%,1560.00
Belaire Luxe Fantome,3500,5000,Champagne,N/A,,10,30%,1500.00
Belaire Luxe Rose Fantome,3780,5400,Champagne,N/A,,10,30%,1620.00
Belaire Rose,3640,5200,Champagne,N/A,,10,30%,1560.00
Belaire Rose Fantome,4480,6400,Champagne,N/A,,10,30%,1920.00
Calvet Celebration Sparkling Brut-Rose,1750,2500,Champagne,N/A,,10,30%,750.00
Calvet Celebration Sparkling Brut-White,1750,2500,Champagne,N/A,,10,30%,750.00
Calvet Crémant Bordeaux Brut Rose,2240,3200,Champagne,N/A,,10,30%,960.00
Calvet Ice Chardonnay Demi Sec,2030,2900,Champagne,N/A,,10,30%,870.00
Dom Perignon Brut,33600,48000,Champagne,N/A,,10,30%,14400.00
Dom Perignon Brut,33600,48000,Champagne,N/A,,10,30%,14400.00
Dom Perignon Brut,33600,48000,Champagne,N/A,,10,30%,14400.00
Dom Perignon Rose,32900,47000,Champagne,N/A,,10,30%,14100.00
Dom Perignon Rose,32900,47000,Champagne,N/A,,10,30%,14100.00
Dom Perignon Rose,32900,47000,Champagne,N/A,,10,30%,14100.00
Fleurs de Prairie Sparkling Brut-Rose,1750,2500,Champagne,N/A,,10,30%,750.00
Fleurs de Prairie Sparkling Brut-White,1750,2500,Champagne,N/A,,10,30%,750.00
GH Mumm,5950,8500,Champagne,N/A,,10,30%,2550.00
Laurent Perrier Brut,8050,11500,Champagne,Laurent Perrier,,10,30%,3450.00
Liopart Brut Reserva,2800,4000,Champagne,N/A,,10,30%,1200.00
Martini Prosecco,2026.5,2895,Champagne,N/A,,10,30%,868.50
Martini Zero,1190,1700,Champagne,N/A,,10,30%,510.00
Moet & Chandon 1.5litres,17500,25000,Champagne,Moët & Chandon Champagne,,10,30%,7500.00
Moet & Chandon Imperial Brut,5740,8200,Champagne,Moët & Chandon Champagne,,10,30%,2460.00
Moet & Chandon Imperial Brut,5740,8200,Champagne,Moët & Chandon Champagne,,10,30%,2460.00
Moet & Chandon Imperial Brut,5740,8200,Champagne,Moët & Chandon Champagne,,10,30%,2460.00
Moet & Chandon Imperial Ice,10150,14500,Champagne,Moët & Chandon Champagne,,10,30%,4350.00
Moet & Chandon Imperial Rose,9450,13500,Champagne,Moët & Chandon Champagne,,10,30%,4050.00
Moet & Chandon Nectar Imperial,10150,14500,Champagne,Moët & Chandon Champagne,,10,30%,4350.00
Moet & Chandon Nectar Imperial Rose,9450,13500,Champagne,Moët & Chandon Champagne,,10,30%,4050.00
Mumm Champagne Rouge Rose,6440,9200,Champagne,N/A,,10,30%,2760.00
Perle Noir Crémant d'Alsace,2450,3500,Champagne,Perle Noir,,10,30%,1050.00
Perrier Jouet,6650,9500,Champagne,Perrier Jouet,,10,30%,2850.00
Piper Heidesieck Rose,5950,8500,Champagne,N/A,,10,30%,2550.00
Taittinger Brut Reserve,9450,13500,Champagne,Taittinger Champagne,,10,30%,4050.00
Taittinger Brut Reserve,9450,13500,Champagne,Taittinger Champagne,,10,30%,4050.00
Taittinger Brut Reserve,9450,13500,Champagne,Taittinger Champagne,,10,30%,4050.00
Taittinger Prestige Rose,10150,14500,Champagne,Taittinger Champagne,,10,30%,4350.00
Veuve Clicquot Brut,7910,11300,Champagne,Veuve Clicquot,,10,30%,3390.00
Veuve Clicquot Brut,7910,11300,Champagne,Veuve Clicquot,,10,30%,3390.00
Veuve Clicquot Brut,7910,11300,Champagne,Veuve Clicquot,,10,30%,3390.00
Veuve Clicquot Grand Dame Brut,21000,30000,Champagne,Veuve Clicquot,,10,30%,9000.00
Veuve Clicquot Grand Dame Brut,21000,30000,Champagne,Veuve Clicquot,,10,30%,9000.00
Veuve Clicquot Grand Dame Brut,21000,30000,Champagne,Veuve Clicquot,,10,30%,9000.00
Veuve Clicquot Rose,9660,13800,Champagne,Veuve Clicquot,,10,30%,4140.00
Biscut Cognac VS,3150,4500,Cognac,N/A,,10,30%,1350.00
Biscut XO,11550,16500,Cognac,N/A,,10,30%,4950.00
Camus Borderies,17500,25000,Cognac,N/A,,10,30%,7500.00
Camus VS,3780,5400,Cognac,N/A,,10,30%,1620.00
Camus VSOP,5040,7200,Cognac,N/A,6009610390147,10,30%,2160.00
Camus XO,24360,34800,Cognac,N/A,,10,30%,10440.00
Courvoisier VS,3780,5400,Cognac,N/A,,10,30%,1620.00
Courvoisier VSOP,5040,7200,Cognac,N/A,,10,30%,2160.00
De Luze VS Cognac,3990,5700,Cognac,N/A,,10,30%,1710.00
Dusse VSOP Cognac,7840,11200,Cognac,N/A,,10,30%,3360.00
Gautier XO Gold & Blue Cognac,13300,19000,Cognac,N/A,,10,30%,5700.00
Godet XO,13650,19500,Cognac,N/A,,10,30%,5850.00
Grand Marnier,2940,4200,Cognac,N/A,,10,30%,1260.00
Grand Marnier Nuit Parisienne,4130,5900,Cognac,N/A,,10,30%,1770.00
Grand Marnier Raspberry Peach,3080,4400,Cognac,N/A,,10,30%,1320.00
Hennessy Black,8050,11500,Cognac,Hennessy,,10,30%,3450.00
Hennessy James Cognac,27650,39500,Cognac,Hennessy,,10,30%,11850.00
Hennessy Master Blender's Selection No.4,5250,7500,Cognac,Hennessy,,10,30%,2250.00
Hennessy Paradis,199500,285000,Cognac,Hennessy,,10,30%,85500.00
Hennessy Pure White,14000,20000,Cognac,Hennessy,,10,30%,6000.00
Hennessy VS,3849.3,5499,Cognac,Hennessy,,10,30%,1649.70
Hennessy VSOP,7280,10400,Cognac,Hennessy,,10,30%,3120.00
Hennessy XO,19950,28500,Cognac,Hennessy,,10,30%,8550.00
Hine Rare VSOP,7280,10400,Cognac,N/A,,10,30%,3120.00
JP Chenet French Brandy XO,2450,3500,Cognac,N/A,,10,30%,1050.00
KWV Brandy 10 years,2590,3700,Cognac,N/A,,10,30%,1110.00
KWV XO,10360,14800,Cognac,N/A,,10,30%,4440.00
KWV brandy 12 years,4410,6300,Cognac,N/A,,10,30%,1890.00
Martel XO,23100,33000,Cognac,N/A,,10,30%,9900.00
Martell Blueswift,6440,9200,Cognac,Martell,,10,30%,2760.00
Martell Cordon Blue,17290,24700,Cognac,Martell,,10,30%,7410.00
Martell VS,3849.3,5499,Cognac,Martell,,10,30%,1649.70
Martell VSOP,5600,8000,Cognac,Martell,,10,30%,2400.00
Meukow X.O,12600,18000,Cognac,N/A,,10,30%,5400.00
Moet & Chandon Imperial Rose,9450,13500,Cognac,Moët & Chandon Champagne,,10,30%,4050.00
Napoleon Gold Brandy,1260,1800,Cognac,N/A,,10,30%,540.00
Raynal Vsop Brandy,2450,3500,Cognac,N/A,,10,30%,1050.00
Remy Martin 1738 Accord Royal,8610,12300,Cognac,N/A,,10,30%,3690.00
Remy Martin Louis XIII,337400,482000,Cognac,N/A,,10,30%,144600.00
Remy Martin's XO,19600,28000,Cognac,N/A,,10,30%,8400.00
Remy Martins VSOP,5040,7200,Cognac,N/A,,10,30%,2160.00
St Rhys Napoleon Brandy,1750,2500,Cognac,N/A,,10,30%,750.00
58 Classic Gin,1260,1800,Gin,N/A,,10,30%,540.00
58 Gin & Tonic Spiced Orange 330ml,210,300,Gin,N/A,,10,30%,90.00
Absolut Vodka,1540,2200,Gin,Absolut,,9,30%,660.00
Absolute Unique,2450,3500,Gin,Absolut,,10,30%,1050.00
Absolute mango,1680,2400,Gin,Absolut,,10,30%,720.00
Beefeater Clear Gin,1960,2800,Gin,Beefeater Gin,,10,30%,840.00
Beefeater London Dry Gin,1750,2500,Gin,Beefeater Gin,,10,30%,750.00
Beefeater Pink Gin,1960,2800,Gin,Beefeater Gin,,10,30%,840.00
Beluga Gold,10850,15500,Gin,N/A,,10,30%,4650.00
Bertha's Revenge Irish Milk Gin,3360,4800,Gin,N/A,,10,30%,1440.00
Blackwater No. 5 Gin,3150,4500,Gin,N/A,,10,30%,1350.00
Bloedlemoen Gin,2590,3700,Gin,Bloedlemoen,,10,30%,1110.00
Bloom Hibiscus & Rose Gin,3500,5000,Gin,Bloom Gin,,10,30%,1500.00
Bloom Jasmine & Rose Gin,3710,5300,Gin,Bloom Gin,,10,30%,1590.00
Bobby's Schiedam Dry Gin,4550,6500,Gin,Bobby's Gin,,10,30%,1950.00
Bols Triple Sec,1540,2200,Gin,N/A,,10,30%,660.00
Bombay Dry Gin,1540,2200,Gin,Bombay-Sapphire-Gin,,10,30%,660.00
Bombay Sapphire,2450,3500,Gin,Bombay-Sapphire-Gin,,10,30%,1050.00
Bombay Sapphire East,2240,3200,Gin,Bombay-Sapphire-Gin,,10,30%,960.00
Bombay Sapphire Star of Bombay,3150,4500,Gin,Bombay-Sapphire-Gin,,10,30%,1350.00
Brockmans Intense Gin,4200,6000,Gin,Brockmans Gin,,10,30%,1800.00
Brockmans Passion Gin,4340,6200,Gin,Brockmans Gin,,10,30%,1860.00
Brockmans Premium Gin,3990,5700,Gin,Brockmans Gin,,10,30%,1710.00
Butlers Ginger,1750,2500,Gin,N/A,,10,30%,750.00
Cape Fynbos Gin,2450,3500,Gin,N/A,,10,30%,1050.00
Chase GB Gin,3150,4500,Gin,N/A,,10,30%,1350.00
Chase Marmalade Gin,3640,5200,Gin,N/A,,10,30%,1560.00
Chase Rhubarb Gin,3500,5000,Gin,N/A,,10,30%,1500.00
Drumshanbo Gunpowder Irish Gin,3850,5500,Gin,Drumshanbo,,10,30%,1650.00
Drumshanbo Sardinian Citrus Gin,4060,5800,Gin,Drumshanbo,,10,30%,1740.00
Finery Cucumber Gin,3220,4600,Gin,Finery Gin,,10,30%,1380.00
Fitch & Leedes Ginger Ale,140,200,Gin,N/A,,10,30%,60.00
Fitch & Leedes Pink Tonic,140,200,Gin,N/A,,10,30%,60.00
Four Pillars Bloody Shiraz Gin,4060,5800,Gin,Four Pillars,,10,30%,1740.00
Four Pillars Olive Leaf Gin,4200,6000,Gin,Four Pillars,,10,30%,1800.00
Four Pillars Rare Dry Gin,3850,5500,Gin,Four Pillars,,10,30%,1650.00
Four Pillars Sherry Cask,5250,7500,Gin,Four Pillars,,10,30%,2250.00
Gibson Blood Orange,1470,2100,Gin,N/A,,10,30%,630.00
Gibson's Gin,1330,1900,Gin,Gibson's,,10,30%,570.00
Gilbey's Gin,1050,1500,Gin,Gilbey's Gin,,10,30%,450.00
Gilbey's Gin Apple,1260,1800,Gin,Gilbey's Gin,,10,30%,540.00
Gilbeys Berry,1260,1800,Gin,Gilbey's Gin,,10,30%,540.00
Gin Mare,3360,4800,Gin,N/A,,10,30%,1440.00
Gin Society Original Gin,2660,3800,Gin,Gin Society Gin,,10,30%,1140.00
Gordon's Gin,1680,2400,Gin,Gordon's Gin,,10,30%,720.00
Gordon's Mediterranean Orange Gin,1750,2500,Gin,Gordon's Gin,,10,30%,750.00
Gordon's Pink Gin,1676.5,2395,Gin,Gordon's Gin,,10,30%,718.50
Gordon's Sloe Gin,1960,2800,Gin,Gordon's Gin,,10,30%,840.00
Grande Absente,2450,3500,Gin,N/A,,10,30%,1050.00
Greenall's Blueberry Gin,2100,3000,Gin,Greenall's,,10,30%,900.00
Greenall's London Dry Gin,1995,2850,Gin,Greenall's,,10,30%,855.00
Greenall's Raspberry Gin,2100,3000,Gin,Greenall's,,10,30%,900.00
Greenall's Wild Berry Gin,1960,2800,Gin,Greenall's,,10,30%,840.00
Greenalls Blood Orange & Fig,1995,2850,Gin,Greenall's,,10,30%,855.00
Grenadine Syrup,696.5,995,Gin,N/A,,10,30%,298.50
Gunpowder Irish Gin,3640,5200,Gin,N/A,,10,30%,1560.00
Hendrick's Flora Adora,5600,8000,Gin,Hendricks Gin,,10,30%,2400.00
Hendrick's Gin,3849.3,5499,Gin,Hendricks Gin,,10,30%,1649.70
Hendrick's Lunar,5250,7500,Gin,Hendricks Gin,,10,30%,2250.00
Hendrick's Neptunia,5950,8500,Gin,Hendricks Gin,,10,30%,2550.00
Hendricks Amazonia,4060,5800,Gin,Hendricks Gin,,10,30%,1740.00
Hendricks Midsummer Solstice,5250,7500,Gin,Hendricks Gin,,10,30%,2250.00
Hendricks Orbium,6160,8800,Gin,Hendricks Gin,,10,30%,2640.00
Hope on Hopkins Gin,2660,3800,Gin,N/A,,10,30%,1140.00
Inverroche Amber Gin,3150,4500,Gin,Inverroche Gin,,10,30%,1350.00
Inverroche Classic Gin,2940,4200,Gin,Inverroche Gin,,10,30%,1260.00
Inverroche Verdant Gin,3360,4800,Gin,Inverroche Gin,,10,30%,1440.00
K.O - Lime & Ginger,1256.5,1795,Gin,K.O,,10,30%,538.50
K.O Beer - Mango and Ginger,1256.5,1795,Gin,K.O,,10,30%,538.50
K.O Classic Tonic,105,150,Gin,K.O,,10,30%,45.00
K.O Cucumber Tonic,105,150,Gin,K.O,,10,30%,45.00
K.O Elderflower Tonic,105,150,Gin,K.O,,10,30%,45.00
K.O Hibiscus & lime ice tea,105,150,Gin,K.O,,10,30%,45.00
K.O Light Tonic,105,150,Gin,K.O,,10,30%,45.00
K.O Mediterranean Tonic,105,150,Gin,K.O,,10,30%,45.00
K.O Pink Tonic Rose & Cucumber,105,150,Gin,K.O,test123,10,30%,45.00
KWV Cruxland Gin,3500,5000,Gin,N/A,,10,30%,1500.00
Kawashima Ginjo Sake,3360,4800,Gin,N/A,,10,30%,1440.00
Ki No Bi Kyoto Dry Gin,8400,12000,Gin,N/A,,10,30%,3600.00
Komasa Jyozo Kanade Gin,3150,4500,Gin,N/A,,10,30%,1350.00
Larios 12 Gin,1960,2800,Gin,Larios Gin,,10,30%,840.00
Larios 12 Pink Gin,2100,3000,Gin,Larios Gin,,10,30%,900.00
Levantine Gin,3990,5700,Gin,Levantine,,10,30%,1710.00
Lime Cordial,525,750,Gin,N/A,,10,30%,225.00
Malfy Con Arancia,2660,3800,Gin,Malfy Gin,,10,30%,1140.00
Malfy Con Chinotto,2800,4000,Gin,Malfy Gin,,10,30%,1200.00
Malfy Con Limone,2660,3800,Gin,Malfy Gin,,10,30%,1140.00
Malfy Gin Originale,2940,4200,Gin,Malfy Gin,,10,30%,1260.00
Malfy Gin Rosa,3080,4400,Gin,Malfy Gin,,10,30%,1320.00
Monkey 47 Schwarzwald Dry Gin,5950,8500,Gin,Old Monk,,10,30%,2550.00
Musgrave Gin,3850,5500,Gin,Musgrave,,10,30%,1650.00
Nikka Coffey Gin,3850,5500,Gin,N/A,,10,30%,1650.00
No. 3 London Dry Gin,2940,4200,Gin,N/A,,10,30%,1260.00
Nordes Atlantic Galician Gin,3640,5200,Gin,N/A,,10,30%,1560.00
Plymouth Gin,2660,3800,Gin,N/A,,10,30%,1140.00
Roku Gin,3150,4500,Gin,N/A,,10,30%,1350.00
Rose d'Argent Strawberry Gin,1330,1900,Gin,D'Argent,,10,30%,570.00
Sakurao Limited Gin,10850,15500,Gin,Sakurao,,10,30%,4650.00
Seagramm's,1015,1450,Gin,N/A,,10,30%,435.00
Sipsmith London Dry Gin,3360,4800,Gin,N/A,,10,30%,1440.00
Sipsmith VJOP,4550,6500,Gin,N/A,,10,30%,1950.00
Six Dogs Karoo Gin,2940,4200,Gin,Six Dogs,,10,30%,1260.00
Stirling Gin,2100,3000,Gin,Stirling,,10,30%,900.00
Stirling Rhubarb Gin,2450,3500,Gin,Stirling,,10,30%,1050.00
Stretton Dry Gin,1260,1800,Gin,N/A,,10,30%,540.00
Stretton's Triple Berry,1260,1800,Gin,N/A,,10,30%,540.00
Stretton's Wild Berry,1330,1900,Gin,N/A,,10,30%,570.00
Suntory Roku Gin,3850,5500,Gin,N/A,,10,30%,1650.00
Tann's Gin,3500,5000,Gin,N/A,,10,30%,1500.00
Tanqueray Gin,2096.5,2995,Gin,Tanqueray Gin,,10,30%,898.50
Tanqueray Malacca Gin,2730,3900,Gin,Tanqueray Gin,,10,30%,1170.00
Tanqueray No. Ten,3150,4500,Gin,Tanqueray Gin,,10,30%,1350.00
Tanqueray Rangpur,2240,3200,Gin,Tanqueray Gin,,10,30%,960.00
Tanqueray Sevilla,2096.5,2995,Gin,Tanqueray Gin,,10,30%,898.50
The Botanist Dry Gin,4760,6800,Gin,N/A,,10,30%,2040.00
The Botanist Islay Dry Gin,4550,6500,Gin,N/A,,10,30%,1950.00
The Botanist Islay Dry Gin 1L,5950,8500,Gin,N/A,,10,30%,2550.00
West Winds Cutlass Gin,3360,4800,Gin,N/A,,10,30%,1440.00
West Winds Sabre Gin,3150,4500,Gin,N/A,,10,30%,1350.00
Whitley Neil Aloe & Cucumber Gin,2940,4200,Gin,N/A,,10,30%,1260.00
Whitley Neil Blackberry Gin,2800,4000,Gin,N/A,,10,30%,1200.00
Whitley Neil Elderflower Gin,2940,4200,Gin,N/A,,10,30%,1260.00
Whitley Neil Lemon Gin,2660,3800,Gin,N/A,,10,30%,1140.00
Whitley Neil Parma Violet Gin,2415,3450,Gin,N/A,,10,30%,1035.00
Whitley Neil Quince Gin,2800,4000,Gin,N/A,,10,30%,1200.00
Whitley Neil Raspberry Gin,2800,4000,Gin,N/A,,10,30%,1200.00
Whitley Neil Rhubarb & Ginger Gin,2940,4200,Gin,N/A,,10,30%,1260.00
Wilderer Rose Water Gin,4199.3,5999,Gin,Wilderer Gin,,10,30%,1799.70
Yuzu Gin,2940,4200,Gin,N/A,,10,30%,1260.00
Zafiro Premium Gin,1610,2300,Gin,N/A,,10,30%,690.00
8PM Fire Liqueur,910,1300,Liqueur,N/A,,10,30%,390.00
8PM Honey,910,1300,Liqueur,N/A,,10,30%,390.00
African Secret Marula Cream Liqueur,1190,1700,Liqueur,N/A,,10,30%,510.00
Amarula Cream Liqueur,2030,2900,Liqueur,N/A,,10,30%,870.00
Amarula Gold,2240,3200,Liqueur,N/A,,10,30%,960.00
Amarula Raspberry Chocolate,1746.5,2495,Liqueur,N/A,,10,30%,748.50
Amarula Vanilla Spice Cream,1746.5,2495,Liqueur,N/A,,10,30%,748.50
Angostura Bitters,4480,6400,Liqueur,N/A,,10,30%,1920.00
Anthon Berg Chocolate,420,600,Liqueur,N/A,,10,30%,180.00
Bailey's Cream,2236.5,3195,Liqueur,N/A,,10,30%,958.50
Bailey's Delight,1260,1800,Liqueur,N/A,,10,30%,540.00
Bailey's Expresso creme,2240,3200,Liqueur,N/A,,10,30%,960.00
Bailey's vanilla cinnamon,2240,3200,Liqueur,N/A,,10,30%,960.00
Baileys Luxury Fudge Chocolate,1365,1950,Liqueur,N/A,,10,30%,585.00
Baileys Salted Caramel,2240,3200,Liqueur,N/A,,10,30%,960.00
Bardinet Triple Sec Liqueur,1540,2200,Liqueur,N/A,,10,30%,660.00
Bols Blue Curacao,2065,2950,Liqueur,N/A,,10,30%,885.00
Bols Peppermint White,2065,2950,Liqueur,N/A,,10,30%,885.00
Bols Triple Sec,1540,2200,Liqueur,N/A,,10,30%,660.00
Bols Vanilla,2065,2950,Liqueur,N/A,,10,30%,885.00
Bumbu Cream Liqueur,4200,6000,Liqueur,Bumbu rum,,10,30%,1800.00
Butlers Espresso,1540,2200,Liqueur,N/A,,10,30%,660.00
Butlers Ginger,1750,2500,Liqueur,N/A,,10,30%,750.00
Butlers Triple Sec,1540,2200,Liqueur,N/A,,10,30%,660.00
Campari,2030,2900,Liqueur,N/A,,10,30%,870.00
Cointreau 1litre,3220,4600,Liqueur,N/A,,10,30%,1380.00
Cointreau Blood Orange,2660,3800,Liqueur,N/A,,10,30%,1140.00
Cointreau Whisky Chocolate,700,1000,Liqueur,N/A,,10,30%,300.00
Cuerpo Raspberry,2030,2900,Liqueur,N/A,,10,30%,870.00
Cuerpo White Rum Liqueur,1960,2800,Liqueur,N/A,,10,30%,840.00
Disaronno,2660,3800,Liqueur,N/A,,10,30%,1140.00
Fernet Branca,2796.5,3995,Liqueur,N/A,,10,30%,1198.50
Frangelico Hazelnut Liqueur,1750,2500,Liqueur,N/A,,10,30%,750.00
Grande Absente,2450,3500,Liqueur,N/A,,10,30%,1050.00
Grenadine Syrup,696.5,995,Liqueur,N/A,,10,30%,298.50
Jagermeister,2516.5,3595,Liqueur,N/A,,10,30%,1078.50
Jumping Goat Vodka Liqueur,2800,4000,Liqueur,N/A,,10,30%,1200.00
Jumping Goat Whisky Liqueur,3080,4400,Liqueur,N/A,,10,30%,1320.00
Jägermeister Charakter Scharf,3850,5500,Liqueur,N/A,,10,30%,1650.00
Jägermeister-manifest,4620,6600,Liqueur,N/A,,10,30%,1980.00
Kahawa Africa Gold,1396.5,1995,Liqueur,N/A,,10,30%,598.50
Kahlua Coffee Liqueur,1960,2800,Liqueur,N/A,,10,30%,840.00
Luxardo Limoncello,2660,3800,Liqueur,N/A,,10,30%,1140.00
Magma Shock Hot Cinnamon,1540,2200,Liqueur,N/A,,10,30%,660.00
Martini Fiero,1610,2300,Liqueur,N/A,,10,30%,690.00
Monin Almond Syrup,1540,2200,Liqueur,N/A,,10,30%,660.00
Monin Apple Puree,2240,3200,Liqueur,N/A,,10,30%,960.00
Monin Blue Curacao Liqueur,1890,2700,Liqueur,N/A,,10,30%,810.00
Monin Blue Curacao Syrup,1680,2400,Liqueur,N/A,,10,30%,720.00
Monin Blueberry Puree,2940,4200,Liqueur,N/A,,10,30%,1260.00
Monin Caramel Syrup,1540,2200,Liqueur,N/A,,10,30%,660.00
Monin Chocolate Cookies Syrup,1540,2200,Liqueur,N/A,,10,30%,660.00
Monin Chocolate Frappe,1540,2200,Liqueur,N/A,,10,30%,660.00
Monin Cloudy Lemonade Syrup,1540,2200,Liqueur,N/A,,10,30%,660.00
Monin Coconut Puree,2240,3200,Liqueur,N/A,,10,30%,960.00
Monin Coconut Syrup,1540,2200,Liqueur,N/A,,10,30%,660.00
Monin Cucumber Syrup,1540,2200,Liqueur,N/A,,10,30%,660.00
Monin Falernum Syrup,1540,2200,Liqueur,N/A,,10,30%,660.00
Monin Green Mint Syrup,1750,2500,Liqueur,N/A,,10,30%,750.00
Monin Hazelnut Syrup,1540,2200,Liqueur,N/A,,10,30%,660.00
Monin Hibiscus Syrup,1540,2200,Liqueur,N/A,,10,30%,660.00
Monin Kiwi Puree,2240,3200,Liqueur,N/A,,10,30%,960.00
Monin Lavender Syrup,1540,2200,Liqueur,N/A,,10,30%,660.00
Monin Lemon Tea Syrup,1540,2200,Liqueur,N/A,,10,30%,660.00
Monin Lime Puree,2240,3200,Liqueur,N/A,,10,30%,960.00
Monin Mango Puree,2520,3600,Liqueur,N/A,,10,30%,1080.00
Monin Mojito Mint Syrup,1540,2200,Liqueur,N/A,,10,30%,660.00
Monin Passion Puree,2240,3200,Liqueur,N/A,,10,30%,960.00
Monin Peach Liqueur,1960,2800,Liqueur,N/A,,10,30%,840.00
Monin Peach Syrup,1540,2200,Liqueur,N/A,,10,30%,660.00
Monin Peach Tea Syrup,1540,2200,Liqueur,N/A,,10,30%,660.00
Monin Pineapple Puree,2240,3200,Liqueur,N/A,,10,30%,960.00
Monin Pop Corn Syrup,1540,2200,Liqueur,N/A,,10,30%,660.00
Monin Raspberry Puree,2240,3200,Liqueur,N/A,,10,30%,960.00
Monin Rose Syrup,1540,2200,Liqueur,N/A,,10,30%,660.00
Monin Ruby Grapefruit Puree,2240,3200,Liqueur,N/A,,10,30%,960.00
Monin Strawberry Puree,2660,3800,Liqueur,N/A,,10,30%,1140.00
Monin Strawberry Syrup,1540,2200,Liqueur,N/A,,10,30%,660.00
Monin Sugar Cane Syrup,1540,2200,Liqueur,N/A,,10,30%,660.00
Monin Triple Sec Curacao Liqueur,1960,2800,Liqueur,N/A,,10,30%,840.00
Monin Vanilla Frappe,3500,5000,Liqueur,N/A,,10,30%,1500.00
Monin Vanilla Syrup,1540,2200,Liqueur,N/A,,10,30%,660.00
Monin Watermelon Syrup,1540,2200,Liqueur,N/A,,10,30%,660.00
New Grove Cafe Liqueur,1680,2400,Liqueur,New Grove,,10,30%,720.00
Olmeca Dark Chocolate,2236.5,3195,Liqueur,Olmeca,,10,30%,958.50
Panache Artisanal Mojito Srup,910,1300,Liqueur,N/A,,10,30%,390.00
Patron XO Cafe,4060,5800,Liqueur,Patron,,10,30%,1740.00
Pernod,2940,4200,Liqueur,N/A,,10,30%,1260.00
Ricard,1680,2400,Liqueur,N/A,,10,30%,720.00
Sheridann's Liqueur,3150,4500,Liqueur,N/A,,10,30%,1350.00
Sidekick Cookies & Cream,1820,2600,Liqueur,N/A,,10,30%,780.00
Southern Comfort,2096.5,2995,Liqueur,N/A,,10,30%,898.50
Southern Comfort 750ml,1956.5,2795,Liqueur,N/A,,10,30%,838.50
Southern Comfort Black,1820,2600,Liqueur,N/A,,10,30%,780.00
Southern Comfort Lime,2240,3200,Liqueur,N/A,,10,30%,960.00
Strawberry Lips,1119.3,1599,Liqueur,N/A,,10,30%,479.70
Tango sour apple,1820,2600,Liqueur,N/A,,10,30%,780.00
Tequila Rose,2520,3600,Liqueur,N/A,,10,30%,1080.00
Tia Maria,2660,3800,Liqueur,N/A,,10,30%,1140.00
Underberg Bitters,2625,3750,Liqueur,N/A,,10,30%,1125.00
Zappa Sambuca Black,1400,2000,Liqueur,N/A,,10,30%,600.00
Zappa Sambuca Blue,1400,2000,Liqueur,N/A,,10,30%,600.00
Zappa Sambuca White,1400,2000,Liqueur,N/A,,10,30%,600.00
Zappa-Green,1400,2000,Liqueur,N/A,,10,30%,600.00
Zappa-Red,1400,2000,Liqueur,N/A,,10,30%,600.00
Afri Bull Cafe Rum,980,1400,Rum,Afri Bull,,10,30%,420.00
Angostura 3 Years Old Reserve,2240,3200,Rum,N/A,,10,30%,960.00
Angostura 5 Years Old Superior Gold,2695,3850,Rum,N/A,,10,30%,1155.00
Angostura Bitters,2380,3400,Rum,N/A,,10,30%,1020.00
Angostura Caribbean Rum 1824,5950,8500,Rum,N/A,,10,30%,2550.00
Angostura Caribbean Rum 1919,3850,5500,Rum,N/A,,10,30%,1650.00
Bacardi 8 Years,3430,4900,Rum,N/A,,10,30%,1470.00
Bacardi Anejo Cuatro,1960,2800,Rum,N/A,,10,30%,840.00
Bacardi Black,1749.3,2499,Rum,N/A,,10,30%,749.70
Bacardi Breezer Lime,1190,1700,Rum,Bacardi Rum,,10,30%,510.00
Bacardi Breezer Peach,1190,1700,Rum,Bacardi Rum,,10,30%,510.00
Bacardi Breezer Pineapple,1190,1700,Rum,Bacardi Rum,,10,30%,510.00
Bacardi Breezer Watermelon,1190,1700,Rum,Bacardi Rum,,10,30%,510.00
Bacardi Carta Blanca,1820,2600,Rum,Bacardi Rum,,10,30%,780.00
Bacardi Gold,1820,2600,Rum,Bacardi Rum,,10,30%,780.00
Bacardi Limon rum,1820,2600,Rum,Bacardi Rum,,10,30%,780.00
Bacardi Mojito,1890,2700,Rum,Bacardi Rum,,10,30%,810.00
Bacardi Oakheart [New Bacardi spiced],1890,2700,Rum,Bacardi Rum,,10,30%,810.00
Bacardi Superior White Rum,1750,2500,Rum,Bacardi Rum,,10,30%,750.00
Bacardi spiced Rum,1820,2600,Rum,Bacardi Rum,,10,30%,780.00
Bahari Rum,2240,3200,Rum,N/A,,10,30%,960.00
Bayou Reserve Rum,3430,4900,Rum,Bayou,,10,30%,1470.00
Bumbu Cream Liqueur,4200,6000,Rum,Bumbu rum,,10,30%,1800.00
Bumbu Rum,4060,5800,Rum,Bumbu rum,,10,30%,1740.00
Bumbu XO Rum,4690,6700,Rum,Bumbu rum,,10,30%,2010.00
Captain Black Spiced Rum,1890,2700,Rum,N/A,,10,30%,810.00
Captain Morgan Applesmash,2450,3500,Rum,Captain Morgan,,10,30%,1050.00
Captain Morgan Black,1749.3,2499,Rum,Captain Morgan,,10,30%,749.70
Captain Morgan Gold,980,1400,Rum,Captain Morgan,,10,30%,420.00
Captain Morgan Original Spiced Rum,1540,2200,Rum,Captain Morgan,,10,30%,660.00
Captain Morgan Spiced Gold,1680,2400,Rum,Captain Morgan,,10,30%,720.00
Captain Morgan Tiki,2240,3200,Rum,Captain Morgan,,10,30%,960.00
Captain Morgan White Rum,1610,2300,Rum,Captain Morgan,,10,30%,690.00
Contessa Dark Rum,1085,1550,Rum,Contessa,,10,30%,465.00
Contessa White Rum,1085,1550,Rum,Contessa,,10,30%,465.00
Cuerpo Gold Rum Liqueur,2065,2950,Rum,N/A,,10,30%,885.00
Cuerpo White Rum Liqueur,1960,2800,Rum,N/A,,10,30%,840.00
Diplomatico Reserva Exclusiva Rum,4830,6900,Rum,Diplomatico,,10,30%,2070.00
Don papa Rum,2800,4000,Rum,Don papa Rum,,10,30%,1200.00
Golden Rump beer,1015,1450,Rum,N/A,,10,30%,435.00
Kura Rum Cask Finish,11549.3,16499,Rum,N/A,,10,30%,4949.70
Malibu,1890,2700,Rum,Malibu,,10,30%,810.00
Mount Gay Black Barrel Barbados Rum,3150,4500,Rum,Mount Gay Rum,,10,30%,1350.00
Mount Gay Eclipse,2730,3900,Rum,Mount Gay Rum,,10,30%,1170.00
Mount Gay Silver,2450,3500,Rum,Mount Gay Rum,,10,30%,1050.00
Mount Gay XO,7350,10500,Rum,Mount Gay Rum,,10,30%,3150.00
Myer's Rum,1820,2600,Rum,Myer's,,10,30%,780.00
New Grove Silver,1400,2000,Rum,New Grove,,10,30%,600.00
New Grove Spiced Rum,1400,2000,Rum,New Grove,,10,30%,600.00
Oak Cask,910,1300,Rum,N/A,,10,30%,390.00
Old Monk Rum,976.5,1395,Rum,Old Monk,,10,30%,418.50
Old Monk The Legend,1680,2400,Rum,Old Monk,,10,30%,720.00
Ron Zacapa Centenario 23,5736.5,8195,Rum,Ron Zacapa,,10,30%,2458.50
Spytail Black Rum,1960,2800,Rum,Spytail,,10,30%,840.00
Tanduay Double Rum,6230,8900,Rum,Tanduay,,10,30%,2670.00
Akso Aloe Grapes,1260,1800,Smokes,N/A,,10,30%,540.00
Akso Aloe Grapes,1750,2500,Smokes,N/A,,10,30%,750.00
Akso Apple Ice,1050,1500,Smokes,N/A,,10,30%,450.00
Akso Energy Drink,1050,1500,Smokes,N/A,,10,30%,450.00
Akso Energy Drink,1050,1500,Smokes,N/A,,10,30%,450.00
Akso Grape Ice,1260,1800,Smokes,N/A,,10,30%,540.00
Akso Mango Ice,1050,1500,Smokes,N/A,,10,30%,450.00
Akso Mango Ice,1050,1500,Smokes,N/A,,10,30%,450.00
Akso Melon Ice,1260,1800,Smokes,N/A,,10,30%,540.00
Akso Melon Ice,1260,1800,Smokes,N/A,,10,30%,540.00
Akso Strawberry Ice,1050,1500,Smokes,N/A,,10,30%,450.00
Akso Strawberry Ice,1050,1500,Smokes,N/A,,10,30%,450.00
Akso Strawberry pitaya,1050,1500,Smokes,N/A,,10,30%,450.00
Akso Strawberry pitaya,1050,1500,Smokes,N/A,,10,30%,450.00
Beast Vape 3000 Puffs,1330,1900,Smokes,N/A,,10,30%,570.00
Beast Vape Cool Mint,1260,1800,Smokes,N/A,,10,30%,540.00
Beast Vape Cool Mint,1260,1800,Smokes,N/A,,10,30%,540.00
Beast Vape Mango Ice,1260,1800,Smokes,N/A,,10,30%,540.00
Beast Vape Mango Ice,1260,1800,Smokes,N/A,,10,30%,540.00
Beast vapes Strawberry,1260,1800,Smokes,N/A,,10,30%,540.00
Beast vapes Strawberry,1260,1800,Smokes,N/A,,10,30%,540.00
Blue Giant Nicotine Pouches,910,1300,Smokes,N/A,,10,30%,390.00
Bongani Cigar,1610,2300,Smokes,N/A,,10,30%,690.00
Calm Cool Mint,696.5,995,Smokes,N/A,,10,30%,298.50
Calm Lemon Nicotine Pouches,696.5,995,Smokes,N/A,,10,30%,298.50
Calm Mango Nicotine Pouch,696.5,995,Smokes,N/A,,10,30%,298.50
Calm Nicotine Raspberry,696.5,995,Smokes,N/A,,10,30%,298.50
Calm Spearmint Nicotine Pouches,696.5,995,Smokes,N/A,,10,30%,298.50
Classic Raw Rolling Paper,210,300,Smokes,Classic Raw Rolling,,10,30%,90.00
Clew Nicotine Pouches,1050,1500,Smokes,N/A,,10,30%,450.00
Don Fernando Maduro,1960,2800,Smokes,N/A,,10,30%,840.00
Dunhill Double Switch,420,600,Smokes,Dunhill,,10,30%,180.00
Dunhill Lights,420,600,Smokes,Dunhill,,10,30%,180.00
Dunhill Switch,420,600,Smokes,Dunhill,,10,30%,180.00
Elf Bar Vape,2236.5,3195,Smokes,N/A,,10,30%,958.50
Embassy King,420,600,Smokes,Embassy,,10,30%,180.00
Embassy Lights,420,600,Smokes,Embassy,,10,30%,180.00
Garant Extreme,1046.5,1495,Smokes,N/A,,10,30%,448.50
Garant Nicotine Pouches,1050,1500,Smokes,N/A,,10,30%,450.00
Goat Nicotine Pouch,1046.5,1495,Smokes,N/A,,10,30%,448.50
Gold Nicotine Pouches,455,650,Smokes,N/A,,10,30%,195.00
Hart Vape Blueberry Razz Ice,1256.5,1795,Smokes,N/A,,10,30%,538.50
Hart Vape Cola 3500 puffs,1256.5,1795,Smokes,N/A,,10,30%,538.50
Hart Vape Grape Ice 3500 puffs,1256.5,1795,Smokes,N/A,,10,30%,538.50
Hart Vape Ice Appletini 3500 puffs,1256.5,1795,Smokes,N/A,,10,30%,538.50
Hart Vape Manhattan Mint 3500 puffs,1256.5,1795,Smokes,N/A,,10,30%,538.50
Hart Vape Peach Ice 3500 puffs,1256.5,1795,Smokes,N/A,,10,30%,538.50
Hart Vape Pineapple Ice 3500 puffs,1256.5,1795,Smokes,N/A,,10,30%,538.50
Hart Vape Spritz 3500,1256.5,1795,Smokes,N/A,,10,30%,538.50
Hart Vape Strawberry Cosmo 3500 puffs,1256.5,1795,Smokes,N/A,,10,30%,538.50
Hart Vape Watermelon Ice 3500 puffs,1256.5,1795,Smokes,N/A,,10,30%,538.50
Irish Whiskey Chocolate,626.5,895,Smokes,Irish Whiskey Chocolate,,10,30%,268.50
Kafie 1901 Robusto Cigar,1466.5,2095,Smokes,N/A,,10,30%,628.50
Kafie 1901 San Andres,1960,2800,Smokes,N/A,,10,30%,840.00
Kafie 1901 Sumatra,1960,2800,Smokes,N/A,,10,30%,840.00
Kafie Churchill Cigars,1960,2800,Smokes,Kafie Cigars,,10,30%,840.00
Kafie Connectcut,1960,2800,Smokes,N/A,,10,30%,840.00
Kiekko Nicotine Pouches,1046.5,1495,Smokes,K.O,,10,30%,448.50
Marlboro Gold Cigarettes,623,890,Smokes,Marlboro,,10,30%,267.00
Marlboro Menthol,623,890,Smokes,Marlboro,,10,30%,267.00
Mbichwa Rolling paper,175,250,Smokes,N/A,,8,30%,75.00
Montecristo Cigars,2520,3600,Smokes,Montecristo Cigars,,10,30%,1080.00
Organic Hemp Rolling Paper,140,200,Smokes,Organic Hemp Rolling Paper,,10,30%,60.00
Pablo Ice Cold,1050,1500,Smokes,N/A,,10,30%,450.00
Pablo Nicotine Pouches,1050,1500,Smokes,N/A,,10,30%,450.00
Paz Nicotine Pouches,839.3,1199,Smokes,N/A,,10,30%,359.70
Red Reaper Nicotine Pouch,840,1200,Smokes,N/A,,10,30%,360.00
Refillable Gas Lighter,105,150,Smokes,Refillable Gas Lighter,,10,30%,45.00
Rothman's SM,315,450,Smokes,N/A,,10,30%,135.00
Rothmans King,315,450,Smokes,N/A,,10,30%,135.00
Rothmans blue,315,450,Smokes,N/A,,10,30%,135.00
SM cigarettes,315,450,Smokes,N/A,,10,30%,135.00
Sky Nicotine Pouches Mango,420,600,Smokes,N/A,,10,30%,180.00
Sky Nicotine Pouches Mint,420,600,Smokes,N/A,,10,30%,180.00
Sky Nicotine Pouches Passion,420,600,Smokes,N/A,,10,30%,180.00
Solo X Grape Ice,1260,1800,Smokes,N/A,,10,30%,540.00
Solo X Grape Ice,1260,1800,Smokes,N/A,,10,30%,540.00
Solo X Tropical,1260,1800,Smokes,N/A,,10,30%,540.00
Solo X Tropical,1260,1800,Smokes,N/A,,10,30%,540.00
Sportsman,385,550,Smokes,Sportsman,,10,30%,165.00
Storm Nicotine Mango,455,650,Smokes,N/A,,10,30%,195.00
Storm Nicotine Pouch Tropical,455,650,Smokes,N/A,,10,30%,195.00
Test Smokes,420,600,Smokes,N/A,083078009946,3,30%,180.00
Tugboat Lemon Grapefruit,1400,2000,Smokes,N/A,,10,30%,600.00
Tugboat Lush Ice Vape,1400,2000,Smokes,N/A,,10,30%,600.00
Tugboat Mesh Coil Green Apple Ice,1400,2000,Smokes,N/A,,10,30%,600.00
Tugboat Mesh Coil Guava Blue Razz,1400,2000,Smokes,N/A,,10,30%,600.00
Tugboat Mesh Coil Hawaiian Fruit,1400,2000,Smokes,N/A,,10,30%,600.00
Tugboat Mesh Coil Red Energy,1400,2000,Smokes,N/A,,10,30%,600.00
Tugboat Strawberry Watermelon Vape,1400,2000,Smokes,N/A,,10,30%,600.00
Tugboat Vape Grape Ice,1400,2000,Smokes,N/A,,10,30%,600.00
Tugboat Vape Grape Ice,1400,2000,Smokes,N/A,,10,30%,600.00
Vazo Ice Grape Vape,1260,1800,Smokes,N/A,,10,30%,540.00
Vazo Ice Super Mint,1260,1800,Smokes,N/A,,10,30%,540.00
Vazo Ice Super Mint,1260,1800,Smokes,N/A,,10,30%,540.00
Vazo Pineapple Mint vape,1260,1800,Smokes,N/A,,10,30%,540.00
Vazo ice Mango Vape,1330,1900,Smokes,N/A,,10,30%,570.00
Vazo-Ice-Passion-Fruit,1260,1800,Smokes,N/A,,10,30%,540.00
Velo Icy Berries,1050,1500,Smokes,N/A,,10,30%,450.00
Velo Indigo Blue Strength 3 Nicotine Pouches,696.5,995,Smokes,N/A,,10,30%,298.50
Velo Jade Green Strength 3 Nicotine Pouches,696.5,995,Smokes,N/A,,10,30%,298.50
Velo Lime Flame,1050,1500,Smokes,N/A,,10,30%,450.00
Velo Mango Flame,976.5,1395,Smokes,N/A,,10,30%,418.50
Velo Mighty Peppermint,1046.5,1495,Smokes,N/A,,10,30%,448.50
Velo Peppermint Storm,1050,1500,Smokes,N/A,,10,30%,450.00
Velo Polar Mint Nicotine Pouches,1050,1500,Smokes,N/A,,10,30%,450.00
Villiger Export,1050,1500,Smokes,N/A,,10,30%,450.00
Villiger Premium No 7 sumatra,1190,1700,Smokes,N/A,,10,30%,510.00
Villiger no 1 Sumatra,1400,2000,Smokes,N/A,,10,30%,600.00
WeTop Rolling Paper,140,200,Smokes,N/A,,10,30%,60.00
Whisky Flask,700,1000,Smokes,N/A,,10,30%,300.00
Woosh Blue Razz,1680,2400,Smokes,N/A,,10,30%,720.00
Woosh Fresh Lychee,1680,2400,Smokes,N/A,,10,30%,720.00
Woosh Vape Australian Mango,1466.5,2095,Smokes,N/A,,10,30%,628.50
Woosh Vape Caramel Hazelnut,1680,2400,Smokes,N/A,,10,30%,720.00
Woosh Vape Chilly Lemon Soda,1680,2400,Smokes,N/A,,10,30%,720.00
Woosh Vape Chizi Mint Vape,1680,2400,Smokes,N/A,,10,30%,720.00
Woosh Vape Dawa Cocktail,1680,2400,Smokes,N/A,,10,30%,720.00
Woosh Vape Frost Apple,1680,2400,Smokes,N/A,,10,30%,720.00
Woosh Vape Ice Sparkling Orange,1680,2400,Smokes,N/A,,10,30%,720.00
Woosh Vape Ice Watermelon Bliss,1466.5,2095,Smokes,N/A,,10,30%,628.50
Woosh Vape Kiwi Dragon Strawberry Blend,1680,2400,Smokes,N/A,,10,30%,720.00
Woosh Vape Peach Mirage,1680,2400,Smokes,N/A,,10,30%,720.00
Woosh Vape Pineapple Mango Mint Gold Puffs,1680,2400,Smokes,N/A,,10,30%,720.00
Woosh Vape Strawberry Icecream,1680,2400,Smokes,N/A,,10,30%,720.00
Woosh Vape Sun Kissed Grape,1680,2400,Smokes,N/A,,10,30%,720.00
Yuoto Mint Ice,906.5,1295,Smokes,N/A,,10,30%,388.50
Yuoto Thanos,1330,1900,Smokes,N/A,,10,30%,570.00
Yuoto Vape Passion Fruit,906.5,1295,Smokes,N/A,,10,30%,388.50
ZMR Absolute Sprite Vape,1680,2400,Smokes,Absolut,,10,30%,720.00
ZMR Fizzy Orange Vape,1680,2400,Smokes,N/A,,10,30%,720.00
ZMR Grapefruit Vape,1680,2400,Smokes,N/A,,10,30%,720.00
ZMR Hazelnut Cream Vape,1680,2400,Smokes,N/A,,10,30%,720.00
ZMR Iced Cola Vape,1680,2400,Smokes,N/A,,10,30%,720.00
ZMR Kiwano Melon Vape,1680,2400,Smokes,N/A,,10,30%,720.00
ZMR Mango Royale Vape,1680,2400,Smokes,N/A,,10,30%,720.00
ZMR Miami Mint Vape,1680,2400,Smokes,N/A,,10,30%,720.00
ZMR Passion Fruit Vape,1680,2400,Smokes,N/A,,10,30%,720.00
ZMR Redbull Vape,1680,2400,Smokes,N/A,,10,30%,720.00
1857 Grape juice red,1190,1700,Soft Drinks,N/A,,10,30%,510.00
1857 Grape juice white,1190,1700,Soft Drinks,N/A,,10,30%,510.00
Aquamist sparkling water,70,100,Soft Drinks,N/A,,10,30%,30.00
Beast Mode Energy Drink,105,150,Soft Drinks,N/A,,10,30%,45.00
Chupa Chup Drinks,175,250,Soft Drinks,N/A,,10,30%,75.00
Cinzano Bianco,1155,1650,Soft Drinks,N/A,,10,30%,495.00
Cinzano Rosso,1330,1900,Soft Drinks,N/A,,10,30%,570.00
Coca Cola Can,105,150,Soft Drinks,N/A,,10,30%,45.00
Coca Cola Original,140,200,Soft Drinks,N/A,,10,30%,60.00
Dasani Water,35,50,Soft Drinks,N/A,,10,30%,15.00
Delmonte Mango,210,300,Soft Drinks,N/A,,10,30%,90.00
Delmonte Mixed Berry,210,300,Soft Drinks,N/A,,10,30%,90.00
Delmonte Orange,210,300,Soft Drinks,N/A,,10,30%,90.00
Delmonte Passion,210,300,Soft Drinks,N/A,,10,30%,90.00
Delmonte Tropical,210,300,Soft Drinks,N/A,,10,30%,90.00
Delmonte pineapple,210,300,Soft Drinks,N/A,,10,30%,90.00
Fanta Black Currant,175,250,Soft Drinks,N/A,,10,30%,75.00
Fanta Orange,175,250,Soft Drinks,N/A,,10,30%,75.00
Fanta Orange 500ml,70,100,Soft Drinks,N/A,,10,30%,30.00
Fitch & Leedes Classic Ginger Beer,210,300,Soft Drinks,N/A,,10,30%,90.00
Fitch & Leedes Classic Lime Twist,210,300,Soft Drinks,N/A,,10,30%,90.00
Fitch & Leedes Classic Passionade,210,300,Soft Drinks,N/A,,10,30%,90.00
Fitch & Leedes Club Soda,175,250,Soft Drinks,N/A,,10,30%,75.00
Fitch & Leedes Ginger Ale,140,200,Soft Drinks,N/A,,10,30%,60.00
Fitch & Leedes Grapefruit Tonic,175,250,Soft Drinks,N/A,,10,30%,75.00
Fitch & Leedes Indian Tonic,175,250,Soft Drinks,N/A,,10,30%,75.00
Fitch & Leedes Indian Tonic Sugar Free,175,250,Soft Drinks,N/A,,10,30%,75.00
Fitch & Leedes Lemonade,175,250,Soft Drinks,N/A,,10,30%,75.00
Fitch & Leedes Moments Shirley Temple,210,300,Soft Drinks,N/A,,10,30%,90.00
Fitch & Leedes Pink Tonic,140,200,Soft Drinks,N/A,,10,30%,60.00
Fitch & Leedes Pink Tonic Sugar Free,175,250,Soft Drinks,N/A,,10,30%,75.00
Fitch & leedes Bitter lemon,140,200,Soft Drinks,N/A,,10,30%,60.00
Fitch & leedes blue tonic,140,200,Soft Drinks,N/A,,10,30%,60.00
Fitch Leedes Cheeky Cranberry,140,200,Soft Drinks,N/A,,10,30%,60.00
Gofrut Lemon Mint Mojito,139.3,199,Soft Drinks,N/A,,10,30%,59.70
Grenadine Syrup,696.5,995,Soft Drinks,N/A,,10,30%,298.50
Indian Tonic Water,35,50,Soft Drinks,N/A,,10,30%,15.00
K.O Chilli and Turmeric Tonic Water,1120,1600,Soft Drinks,K.O,,10,30%,480.00
K.O Hibiscus & lime ice tea,105,150,Soft Drinks,K.O,,10,30%,45.00
K.O Light Tonic,105,150,Soft Drinks,K.O,,10,30%,45.00
K.O Pink Tonic Rose & Cucumber,105,150,Soft Drinks,K.O,,10,30%,45.00
K.O passion Fruit American ice tea,136.5,195,Soft Drinks,K.O,,10,30%,58.50
Keringet Sparkling Water,105,150,Soft Drinks,N/A,,10,30%,45.00
Keringet Still Water,112,160,Soft Drinks,N/A,,10,30%,48.00
Krest,140,200,Soft Drinks,N/A,,10,30%,60.00
Lime cordial,175,250,Soft Drinks,N/A,,10,30%,75.00
Martini Bianco,1750,2500,Soft Drinks,N/A,,10,30%,750.00
Martini Rosso,1610,2300,Soft Drinks,N/A,,10,30%,690.00
Monin Almond Syrup,1540,2200,Soft Drinks,N/A,,10,30%,660.00
Monin Apple Puree,2240,3200,Soft Drinks,N/A,,10,30%,960.00
Monin Blue Curacao Syrup,1680,2400,Soft Drinks,N/A,,10,30%,720.00
Monin Blueberry Puree,2940,4200,Soft Drinks,N/A,,10,30%,1260.00
Monin Caramel Syrup,1540,2200,Soft Drinks,N/A,,10,30%,660.00
Monin Chocolate Cookies Syrup,1540,2200,Soft Drinks,N/A,,10,30%,660.00
Monin Chocolate Frappe,3500,5000,Soft Drinks,N/A,,10,30%,1500.00
Monin Cloudy Lemonade Syrup,1540,2200,Soft Drinks,N/A,,10,30%,660.00
Monin Coconut Puree,2240,3200,Soft Drinks,N/A,,10,30%,960.00
Monin Coconut Syrup,1540,2200,Soft Drinks,N/A,,10,30%,660.00
Monin Cucumber Syrup,1540,2200,Soft Drinks,N/A,,10,30%,660.00
Monin Falernum Syrup,1540,2200,Soft Drinks,N/A,,10,30%,660.00
Monin Green Mint Syrup,1750,2500,Soft Drinks,N/A,,10,30%,750.00
Monin Grenadine Syrup,1540,2200,Soft Drinks,N/A,,10,30%,660.00
Monin Hazelnut Syrup,1540,2200,Soft Drinks,N/A,,10,30%,660.00
Monin Hibiscus Syrup,1540,2200,Soft Drinks,N/A,,10,30%,660.00
Monin Kiwi Puree,2240,3200,Soft Drinks,N/A,,10,30%,960.00
Monin Lavender Syrup,1540,2200,Soft Drinks,N/A,,10,30%,660.00
Monin Lemon Tea Syrup,1540,2200,Soft Drinks,N/A,,10,30%,660.00
Monin Lime Puree,2240,3200,Soft Drinks,N/A,,10,30%,960.00
Monin Mango Puree,2520,3600,Soft Drinks,N/A,,10,30%,1080.00
Monin Mojito Mint Syrup,1540,2200,Soft Drinks,N/A,,10,30%,660.00
Monin Passion Puree,2240,3200,Soft Drinks,N/A,,10,30%,960.00
Monin Peach Syrup,1540,2200,Soft Drinks,N/A,,10,30%,660.00
Monin Peach Tea Syrup,1540,2200,Soft Drinks,N/A,,10,30%,660.00
Monin Pineapple Puree,2240,3200,Soft Drinks,N/A,,10,30%,960.00
Monin Pop Corn Syrup,1540,2200,Soft Drinks,N/A,,10,30%,660.00
Monin Raspberry Puree,2240,3200,Soft Drinks,N/A,,10,30%,960.00
Monin Ruby Grapefruit Puree,2240,3200,Soft Drinks,N/A,,10,30%,960.00
Monin Strawberry Puree,2660,3800,Soft Drinks,N/A,,10,30%,1140.00
Monin Strawberry Syrup,1540,2200,Soft Drinks,N/A,,10,30%,660.00
Monin Sugar Cane Syrup,1540,2200,Soft Drinks,N/A,,10,30%,660.00
Monin Vanilla Frappe,3500,5000,Soft Drinks,N/A,,10,30%,1500.00
Monin Vanilla Syrup,1540,2200,Soft Drinks,N/A,,10,30%,660.00
Monin Watermelon Syrup,1540,2200,Soft Drinks,N/A,,10,30%,660.00
Monster Assault,210,300,Soft Drinks,N/A,,10,30%,90.00
Monster Energy,245,350,Soft Drinks,N/A,,10,30%,105.00
Monster Energy Gronk,210,300,Soft Drinks,N/A,,10,30%,90.00
Monster Energy Import,140,200,Soft Drinks,N/A,,10,30%,60.00
Monster Energy Import Light,140,200,Soft Drinks,N/A,,10,30%,60.00
Monster Energy Lo Carb,140,200,Soft Drinks,N/A,,10,30%,60.00
Monster Energy Uber,210,300,Soft Drinks,N/A,,10,30%,90.00
Monster Energy Ultra Blue,210,300,Soft Drinks,N/A,,10,30%,90.00
Pimm's,1750,2500,Soft Drinks,N/A,,10,30%,750.00
Ricard,1680,2400,Soft Drinks,N/A,,10,30%,720.00
Safari Lemonade,56,80,Soft Drinks,N/A,,10,30%,24.00
San-pellegrino Aranciata can,1050,1500,Soft Drinks,N/A,,10,30%,450.00
Schweppes C+,70,100,Soft Drinks,N/A,,10,30%,30.00
Schweppes Ginger Ale,69.3,99,Soft Drinks,N/A,,10,30%,29.70
Schweppes Tonic Water,70,100,Soft Drinks,N/A,,10,30%,30.00
Soda Water,70,100,Soft Drinks,N/A,,10,30%,30.00
Sprite,175,250,Soft Drinks,N/A,,10,30%,75.00
Stoney Tangawizi Zero 1litre,140,200,Soft Drinks,N/A,,10,30%,60.00
Test Soft Drink,1.4,2,Soft Drinks,N/A,6164001331656,10,30%,0.60
Agavita Anejo,6999.3,9999,Tequila,N/A,,10,30%,2999.70
Agavita Blanco,4899.3,6999,Tequila,N/A,,10,30%,2099.70
Azul Gold Tequila,84349.3,120499,Tequila,N/A,,10,30%,36149.70
Azul Reposado Tequila,29400,42000,Tequila,N/A,,10,30%,12600.00
Camino Gold,1819.3,2599,Tequila,N/A,,10,30%,779.70
Camino Tequila Silver,1959.3,2799,Tequila,N/A,,10,30%,839.70
Casamigos Anejo Tequila,5460,7800,Tequila,N/A,,10,30%,2340.00
Casamigos Mezcal,10500,15000,Tequila,N/A,,10,30%,4500.00
Casamigos Reposado,5460,7800,Tequila,N/A,,10,30%,2340.00
Clase Azul Plata Tequila,28349.3,40499,Tequila,N/A,,10,30%,12149.70
Corralejo Tequila Anejo,5949.3,8499,Tequila,N/A,,10,30%,2549.70
Corralejo Tequila Blanco,3849.3,5499,Tequila,N/A,,10,30%,1649.70
Corralejo Tequila Reposado,4129.3,5899,Tequila,N/A,,10,30%,1769.70
Curado Blanco Cocido,5950,8500,Tequila,N/A,,10,30%,2550.00
Curado Blanco Cupreata,5950,8500,Tequila,N/A,,10,30%,2550.00
Curado Espadin,5950,8500,Tequila,N/A,,10,30%,2550.00
Don Julio 1942,19950,28500,Tequila,Don Julio,,10,30%,8550.00
Don Julio 70,18200,26000,Tequila,Don Julio,,10,30%,7800.00
Don Julio Anejo,6440,9200,Tequila,Don Julio,,10,30%,2760.00
Don Julio Blanco,5320,7600,Tequila,Don Julio,,10,30%,2280.00
Don Julio Double Cask Lagavulin Finish,32199.3,45999,Tequila,Don Julio,,10,30%,13799.70
Don Julio Reposado,5736.5,8195,Tequila,Don Julio,,10,30%,2458.50
El Charro Gold,2099.3,2999,Tequila,N/A,,10,30%,899.70
El Charro Silver,2099.3,2999,Tequila,N/A,,10,30%,899.70
El Jimador Anejo Tequila,4199.3,5999,Tequila,N/A,,10,30%,1799.70
El Jimador Blanco Tequila,2799.3,3999,Tequila,N/A,,10,30%,1199.70
El Jimador Reposado Tequila,3149.3,4499,Tequila,N/A,,10,30%,1349.70
Espolon Blanco Tequila,3289.3,4699,Tequila,N/A,,10,30%,1409.70
Espolon Reposado Tequila,2310,3300,Tequila,N/A,,10,30%,990.00
Gran Patron Burdeos,74899.3,106999,Tequila,Patron,,10,30%,32099.70
Herradura Anejo Tequila,8749.3,12499,Tequila,N/A,,10,30%,3749.70
Herradura Plata Tequila,7349.3,10499,Tequila,N/A,,10,30%,3149.70
Herradura Reposado Tequila,7349.3,10499,Tequila,N/A,,10,30%,3149.70
JP Chenet French Brandy XO,2450,3500,Tequila,N/A,,10,30%,1050.00
Jose Cuervo Gold,2026.5,2895,Tequila,Jose Cuervo,,10,30%,868.50
Jose Cuervo Reserva De La Familia Extra Anejo,14699.3,20999,Tequila,Jose Cuervo,,10,30%,6299.70
Jose Cuervo Reserva De La Familia Platino,11199.3,15999,Tequila,Jose Cuervo,,10,30%,4799.70
Jose Cuervo Silver,2096.5,2995,Tequila,Jose Cuervo,,10,30%,898.50
KAH Blanco,5389.3,7699,Tequila,N/A,,10,30%,2309.70
Kah Anejo,7349.3,10499,Tequila,N/A,,10,30%,3149.70
Kah Reposado,4759.3,6799,Tequila,N/A,,10,30%,2039.70
La Tilica Anejo,5389.3,7699,Tequila,N/A,,10,30%,2309.70
La Tilica Reposado,4759.3,6799,Tequila,N/A,,10,30%,2039.70
Lamborghini Anejo Tequila,25550,36500,Tequila,N/A,,10,30%,10950.00
Lamborghini Blanco,25550,36500,Tequila,N/A,,10,30%,10950.00
Milagro Anejo,4549.3,6499,Tequila,N/A,,10,30%,1949.70
Milagro Silver,4549.3,6499,Tequila,N/A,,10,30%,1949.70
Montezuma Aztec Tequila,3149.3,4499,Tequila,N/A,,10,30%,1349.70
Olmeca Anejo Extra Aged,3849.3,5499,Tequila,Olmeca,,10,30%,1649.70
Olmeca Dark Chocolate,2236.5,3195,Tequila,Olmeca,,10,30%,958.50
Olmeca Extra Aged,3849.3,5499,Tequila,Olmeca,,10,30%,1649.70
Olmeca Fusion,3149.3,4499,Tequila,Olmeca,,10,30%,1349.70
Olmeca Gold,2380,3400,Tequila,Olmeca,,10,30%,1020.00
Olmeca Silver,2380,3400,Tequila,Olmeca,,10,30%,1020.00
Olmeca Tezon Blanco,6999.3,9999,Tequila,Olmeca,,10,30%,2999.70
Patron Anejo Tequila,8050,11500,Tequila,Patron,,10,30%,3450.00
Patron Citronge Mango Liqueur,4549.3,6499,Tequila,Patron,,10,30%,1949.70
Patron Citronge Orange Liqueur,4549.3,6499,Tequila,Patron,,10,30%,1949.70
Patron Reposado,6650,9500,Tequila,Patron,,10,30%,2850.00
Patron Reposado 45%,7349.3,10499,Tequila,Patron,,10,30%,3149.70
Patron Roca Silver,7349.3,10499,Tequila,Patron,,10,30%,3149.70
Patron Silver Tequila,4756.5,6795,Tequila,Patron,,10,30%,2038.50
Patron XO Cafe,4060,5800,Tequila,Patron,,10,30%,1740.00
Patron Xo Cafe Dark Cocoa,4199.3,5999,Tequila,Patron,,10,30%,1799.70
Pepe Lopez Gold Tequila,2380,3400,Tequila,N/A,,10,30%,1020.00
Ponchos Blanco,3150,4500,Tequila,N/A,,10,30%,1350.00
Ponchos Caramel Infusion (liqueur),3150,4500,Tequila,N/A,,10,30%,1350.00
Ponchos Chilli Choc (liqueur),3150,4500,Tequila,N/A,,10,30%,1350.00
Sauza Tequila Silver,3150,4500,Tequila,N/A,,10,30%,1350.00
Sierra Antiguo Anejo Tequila,3219.3,4599,Tequila,N/A,,10,30%,1379.70
Sierra Gold,2240,3200,Tequila,N/A,,10,30%,960.00
Sierra Margarita,2799.3,3999,Tequila,N/A,,10,30%,1199.70
Sierra Silver,1539.3,2199,Tequila,N/A,,10,30%,659.70
T1 Reposado,5249.3,7499,Tequila,N/A,,10,30%,2249.70
T1 Tequila Blanco,5249.3,7499,Tequila,N/A,,10,30%,2249.70
Tequila 1800 Anejo,4480,6400,Tequila,N/A,,10,30%,1920.00
Tequila 1800 Coconut,4549.3,6499,Tequila,N/A,,10,30%,1949.70
Tequila 1800 Reposado,4410,6300,Tequila,N/A,,10,30%,1890.00
Tequila 1800 Silver,4550,6500,Tequila,N/A,,10,30%,1950.00
Tequila Cenote Blanco,5320,7600,Tequila,N/A,,10,30%,2280.00
Tequila Ley 925,3150,4500,Tequila,N/A,,10,30%,1350.00
Tequila Rose,2520,3600,Tequila,N/A,,10,30%,1080.00
Tequila Sauza Gold,3150,4500,Tequila,N/A,,10,30%,1350.00
Teremana Anejo Tequila,14349.3,20499,Tequila,N/A,,10,30%,6149.70
Teremana Blanco Tequila,10849.3,15499,Tequila,N/A,,10,30%,4649.70
Tijuana Sweet Heat,2799.3,3999,Tequila,N/A,,10,30%,1199.70
Absolut Citron,1820,2600,Vodka,Absolut,,10,30%,780.00
Absolut Elyx,4340,6200,Vodka,Absolut,,10,30%,1860.00
Absolut Kurant,1820,2600,Vodka,Absolut,,10,30%,780.00
Absolut Raspberri,1820,2600,Vodka,Absolut,,10,30%,780.00
Absolut Vanilla,1820,2600,Vodka,Absolut,,10,30%,780.00
Absolut Vodka,1540,2200,Vodka,Absolut,,10,30%,660.00
Absolut Watkins,1750,2500,Vodka,Absolut,,10,30%,750.00
Absolute Apeach,1820,2600,Vodka,Absolut,,10,30%,780.00
Absolute Oak,3185,4550,Vodka,Absolut,,10,30%,1365.00
Absolute Pears,2450,3500,Vodka,Absolut,,10,30%,1050.00
Absolute Pepper,2450,3500,Vodka,Absolut,,10,30%,1050.00
Absolute Unique,2450,3500,Vodka,Absolut,,10,30%,1050.00
Absolute mango,1680,2400,Vodka,Absolut,,10,30%,720.00
Amsterdam Vodka,1050,1500,Vodka,N/A,,10,30%,450.00
Beluga Celebration,6299.3,8999,Vodka,N/A,,10,30%,2699.70
Beluga Gold,10850,15500,Vodka,N/A,,10,30%,4650.00
Beluga Noble Silver,6299.3,8999,Vodka,N/A,,10,30%,2699.70
Beluga Noble Vodka,4200,6000,Vodka,N/A,,10,30%,1800.00
Beluga Transatlantic Racing,4829.3,6899,Vodka,N/A,,10,30%,2069.70
Belvedere Citron,3360,4800,Vodka,N/A,,10,30%,1440.00
Belvedere Heritage 176,4550,6500,Vodka,N/A,,10,30%,1950.00
Belvedere Lake Bartezek,4760,6800,Vodka,N/A,,10,30%,2040.00
Belvedere Pink Grapefruit,2940,4200,Vodka,N/A,,10,30%,1260.00
Belvedere Smogory Forest,4760,6800,Vodka,N/A,,10,30%,2040.00
Belvedere Vodka,2800,4000,Vodka,N/A,,10,30%,1200.00
Bols Vodka,1330,1900,Vodka,N/A,,10,30%,570.00
Bufalov French Wheat Sugar Free Vodka,2450,3500,Vodka,N/A,,10,30%,1050.00
Caribia Cane,1050,1500,Vodka,N/A,,10,30%,450.00
Ciroc Coconut,2660,3800,Vodka,Ciroc,,10,30%,1140.00
Ciroc Pineapple,3640,5200,Vodka,Ciroc,,10,30%,1560.00
Ciroc Red Berry,2660,3800,Vodka,Ciroc,,10,30%,1140.00
Ciroc Vodka,2450,3500,Vodka,Ciroc,,10,30%,1050.00
Ciroc Vodka 1.75Litres,3290,4700,Vodka,Ciroc,,10,30%,1410.00
Ciroc Vodka Summer Watermelon,3640,5200,Vodka,Ciroc,,10,30%,1560.00
Crystal Head Vodka,3850,5500,Vodka,N/A,,10,30%,1650.00
Crystal Head Vodka Jeroboam,4340,6200,Vodka,N/A,,10,30%,1860.00
Danzka Citrus Vodka,1890,2700,Vodka,N/A,,10,30%,810.00
Danzka Vodka,1890,2700,Vodka,N/A,,10,30%,810.00
Elite Vodka,1750,2500,Vodka,N/A,,10,30%,750.00
Everclear 190 Proof,3850,5500,Vodka,N/A,,10,30%,1650.00
Flirt Vodka Apple,1610,2300,Vodka,N/A,,10,30%,690.00
Flirt Vodka Strawberry,1680,2400,Vodka,N/A,,10,30%,720.00
Flirt Vodka Unflavoured,1540,2200,Vodka,N/A,,10,30%,660.00
Grey Goose Vodka,3150,4500,Vodka,N/A,,10,30%,1350.00
Grey Goose Vx,11200,16000,Vodka,N/A,,10,30%,4800.00
Haku Vodka,2450,3500,Vodka,N/A,,10,30%,1050.00
Hlibny Dar Vodka,1470,2100,Vodka,N/A,,10,30%,630.00
Jumping Goat Vodka Liqueur,2800,4000,Vodka,N/A,,10,30%,1200.00
KGB vodka,1225,1750,Vodka,N/A,,10,30%,525.00
Kenya Cane Smooth,840,1200,Vodka,N/A,,10,30%,360.00
Ketel One Citroen,2380,3400,Vodka,N/A,,10,30%,1020.00
Ketel One Vodka,2240,3200,Vodka,N/A,,10,30%,960.00
Leleshwa Vodka,1260,1800,Vodka,N/A,,10,30%,540.00
Luksusowa Vodka,1190,1700,Vodka,N/A,,10,30%,510.00
Magic Moments Chocolate,976.5,1395,Vodka,N/A,,10,30%,418.50
Magic Moments Green Apple,1116.5,1595,Vodka,N/A,,10,30%,478.50
Magic Moments Lemon,1116.5,1595,Vodka,N/A,,10,30%,478.50
Magic Moments Lemon & ginger,1116.5,1595,Vodka,N/A,,10,30%,478.50
Magic Moments Orange,1116.5,1595,Vodka,N/A,,10,30%,478.50
Magic Moments Original,1116.5,1595,Vodka,N/A,,10,30%,478.50
Magic Moments Raspberry,1116.5,1595,Vodka,N/A,,10,30%,478.50
Rada Premium Vodka,1746.5,2495,Vodka,N/A,,10,30%,748.50
Red Army Vodka,19600,28000,Vodka,N/A,,10,30%,8400.00
Russian Standard Gold,1820,2600,Vodka,N/A,,10,30%,780.00
Sadko Vodka,1260,1800,Vodka,K.O,,10,30%,540.00
Skyy 90,3710,5300,Vodka,N/A,,10,30%,1590.00
Skyy Vodka,1540,2200,Vodka,N/A,,10,30%,660.00
Smirnoff Blue Label,1960,2800,Vodka,Smirnoff,,10,30%,840.00
Smirnoff Espresso,1750,2500,Vodka,Smirnoff,,10,30%,750.00
Smirnoff Gold,1750,2500,Vodka,Smirnoff,,10,30%,750.00
Smirnoff Green Apple,1680,2400,Vodka,Smirnoff,,10,30%,720.00
Smirnoff Raspberry,1680,2400,Vodka,Smirnoff,,10,30%,720.00
Smirnoff Red,1540,2200,Vodka,Smirnoff,,10,30%,660.00
Smirnoff Vodka,1540,2200,Vodka,Smirnoff,,10,30%,660.00
Smirnoff Vodka Red,1050,1500,Vodka,Smirnoff,,10,30%,450.00
Sobieski Vodka,1330,1900,Vodka,N/A,,10,30%,570.00
Spirytus Vodka,2450,3500,Vodka,N/A,,10,30%,1050.00
Tito's Handmade Vodka,1960,2800,Vodka,N/A,,10,30%,840.00
1792 Small Batch Whisky,5096,7280,Whisky,N/A,,10,30%,2184.00
8PM Indian Whisky,1260,1800,Whisky,N/A,,10,30%,540.00
Aberfeldy 12 Years,5740,8200,Whisky,N/A,,10,30%,2460.00
Aberfeldy 18 Years,13650,19500,Whisky,N/A,,10,30%,5850.00
Aberfeldy 21 Years,19110,27300,Whisky,N/A,,10,30%,8190.00
Aberlour 10 Years,4690,6700,Whisky,N/A,,0,30%,2010.00
Aberlour 12 Years,6160,8800,Whisky,N/A,,10,30%,2640.00
Akashi White Oak,4340,6200,Whisky,N/A,,10,30%,1860.00
All Seasons Whiskey,1120,1600,Whisky,N/A,,10,30%,480.00
Auchentoshan 18 Years,10150,14500,Whisky,N/A,,10,30%,4350.00
Auchentoshan American Oak,5950,8500,Whisky,N/A,,10,30%,2550.00
Ballantine`s,2376.5,3395,Whisky,N/A,,10,30%,1018.50
Ballantine`s 12 Years,3780,5400,Whisky,N/A,,10,30%,1620.00
Ballantine`s 17 Years,5250,7500,Whisky,N/A,,10,30%,2250.00
Balvenie 12 Years Doublewood,9100,13000,Whisky,N/A,,10,30%,3900.00
Balvenie 14 years Caribbean Cask,11550,16500,Whisky,N/A,,10,30%,4950.00
Bells Whisky,2376.5,3395,Whisky,N/A,,10,30%,1018.50
Benchmark Old No.8,1820,2600,Whisky,N/A,,10,30%,780.00
Black and White Whiskey,1189.3,1699,Whisky,Black and White,,10,30%,509.70
Buchanan's 18 Years Special Reserve,8260,11800,Whisky,N/A,,10,30%,3540.00
Buchanan's Master Whisky,4340,6200,Whisky,N/A,,10,30%,1860.00
Buchanan's Two Souls Whisky,4340,6200,Whisky,N/A,,10,30%,1860.00
Buffalo Trace,3150,4500,Whisky,N/A,,10,30%,1350.00
Bulleit Bourbon 700ml,3286.5,4695,Whisky,N/A,,10,30%,1408.50
Bunnahbhain 12 Years,6930,9900,Whisky,N/A,,10,30%,2970.00
Bushmills 10 years whisky,3920,5600,Whisky,N/A,,10,30%,1680.00
Bushmills 16 years whisky,10850,15500,Whisky,N/A,,10,30%,4650.00
Bushmills Black Bush,2800,4000,Whisky,N/A,,10,30%,1200.00
Bushmills Steamship,8050,11500,Whisky,N/A,,10,30%,3450.00
Bushmills whisky,1890,2700,Whisky,N/A,,10,30%,810.00
Canadian Club,2450,3500,Whisky,N/A,,10,30%,1050.00
Canadian Club 12 Years,3850,5500,Whisky,N/A,,10,30%,1650.00
Caol Ila,5600,8000,Whisky,N/A,,10,30%,2400.00
Caol Ila Moch,4760,6800,Whisky,N/A,,10,30%,2040.00
Cardhu 12 Years,4340,6200,Whisky,N/A,,10,30%,1860.00
Chita Suntory Whisky,15120,21600,Whisky,N/A,,10,30%,6480.00
Chivas 25 Years,22890,32700,Whisky,N/A,,10,30%,9810.00
Chivas Regal 12 Years,2659.3,3799,Whisky,N/A,,10,30%,1139.70
Chivas Regal 18 Years,10500,15000,Whisky,N/A,,10,30%,4500.00
Chivas Regal Extra,5950,8500,Whisky,N/A,,10,30%,2550.00
Chivas Regal Ultis,22400,32000,Whisky,N/A,,10,30%,9600.00
Chivas Royal Salute 21 yrs,20965,29950,Whisky,N/A,,10,30%,8985.00
Chivas Royal Salute Diamond Tribute,24500,35000,Whisky,N/A,,10,30%,10500.00
Claymore Scotch Whisky,1750,2500,Whisky,N/A,,10,30%,750.00
Clynelish Reserve Game of Thrones,13999.3,19999,Whisky,N/A,,10,30%,5999.70
Clynelish Reserve Single Malt,6580,9400,Whisky,N/A,,10,30%,2820.00
Cragganmore 12 Years,6440,9200,Whisky,N/A,,10,30%,2760.00
Curado Blanco Cocido,5950,8500,Whisky,N/A,,10,30%,2550.00
Dalmore 12 Years,5250,7500,Whisky,N/A,,10,30%,2250.00
Dalmore 15 Years,11550,16500,Whisky,N/A,,10,30%,4950.00
Dalmore 18 Years,13650,19500,Whisky,N/A,,10,30%,5850.00
Dalmore Cigar Malt Whisky,9450,13500,Whisky,N/A,,10,30%,4050.00
Dalmore Port Wood Reserve,11900,17000,Whisky,N/A,,10,30%,5100.00
Dalmore Valour,10360,14800,Whisky,N/A,,10,30%,4440.00
Dalwhinnie 15 years,6020,8600,Whisky,N/A,,10,30%,2580.00
Dalwhinnie Malt Winters Gold,5810,8300,Whisky,N/A,,10,30%,2490.00
Dewar Whisky 12years,2376.5,3395,Whisky,N/A,,10,30%,1018.50
Dewar's 15 years whisky,4060,5800,Whisky,N/A,,10,30%,1740.00
Dewar's 18 years whisky,6300,9000,Whisky,N/A,,10,30%,2700.00
Dewar's Founder's Reserve 18 Years,9100,13000,Whisky,N/A,,10,30%,3900.00
Dimple 15 years whisky,4340,6200,Whisky,N/A,,10,30%,1860.00
Drambuie,3850,5500,Whisky,N/A,,10,30%,1650.00
EH Taylor Small Batch,10710,15300,Whisky,N/A,,10,30%,4590.00
Famous Grouse,1609.3,2299,Whisky,N/A,,10,30%,689.70
Famous Grouse 4.5litres,10850,15500,Whisky,N/A,,10,30%,4650.00
Famous Grouse Smoky Black,2520,3600,Whisky,N/A,,10,30%,1080.00
Famous Grouse Toasted Cask,3850,5500,Whisky,N/A,,10,30%,1650.00
Famous grouse bourbon cask,2380,3400,Whisky,N/A,,10,30%,1020.00
Fireball Cinnamon Whisky,2590,3700,Whisky,N/A,,10,30%,1110.00
Firewater Cinnamon whiskey,1750,2500,Whisky,N/A,,10,30%,750.00
Gentleman Jack Whisky,2376.5,3395,Whisky,N/A,,10,30%,1018.50
George Dickel No 8,4550,6500,Whisky,N/A,,10,30%,1950.00
Glen Deveron 28 Years Whisky,30729.3,43899,Whisky,N/A,,10,30%,13169.70
Glen Deveron 30 Years Whisky,36399.3,51999,Whisky,N/A,,10,30%,15599.70
Glendale Whisky,2240,3200,Whisky,N/A,,10,30%,960.00
Glenfiddich 12 Years,4550,6500,Whisky,Glenfiddich,,10,30%,1950.00
Glenfiddich 15 Years,6296.5,8995,Whisky,Glenfiddich,,10,30%,2698.50
Glenfiddich 18 Years,8400,12000,Whisky,Glenfiddich,,10,30%,3600.00
Glenfiddich 18 Years Old Scotch Whiskey,13650,19500,Whisky,Glenfiddich,,10,30%,5850.00
Glenfiddich 21 Years,32200,46000,Whisky,Glenfiddich,,10,30%,13800.00
Glenfiddich 26 Years,43400,62000,Whisky,Glenfiddich,,10,30%,18600.00
Glenfiddich 30 years whisky,64400,92000,Whisky,Glenfiddich,,10,30%,27600.00
Glenfiddich Fire & Cane,4549.3,6499,Whisky,Glenfiddich,,10,30%,1949.70
Glenfiddich Grand Couronne,66500,95000,Whisky,Glenfiddich,,10,30%,28500.00
Glenfiddich Project XX whisky Gift Box,9450,13500,Whisky,Glenfiddich,,10,30%,4050.00
Glenfiddich Triple Oak 12 Years,4550,6500,Whisky,Glenfiddich,,10,30%,1950.00
Glenkinchie 12 Years,4756.5,6795,Whisky,N/A,,10,30%,2038.50
Glenlivet 12 Years,2376.5,3395,Whisky,N/A,,10,30%,1018.50
Glenlivet 13 Years Cask Strength,5040,7200,Whisky,N/A,,10,30%,2160.00
Glenlivet 15 Years,7560,10800,Whisky,N/A,,10,30%,3240.00
Glenlivet 18 Years,8400,12000,Whisky,N/A,,10,30%,3600.00
Glenlivet 18 Years 1litre,13300,19000,Whisky,N/A,,10,30%,5700.00
Glenlivet 21 Years,29400,42000,Whisky,N/A,,10,30%,12600.00
Glenlivet 25 Years,43400,62000,Whisky,N/A,,10,30%,18600.00
Glenlivet Captain Reserve,5880,8400,Whisky,N/A,,10,30%,2520.00
Glenlivet Caribbean Reserve,5320,7600,Whisky,N/A,,10,30%,2280.00
Glenlivet Founder`s Reserve,2376.5,3395,Whisky,N/A,,10,30%,1018.50
Glenlivet Nadurra Peated,7350,10500,Whisky,N/A,,10,30%,3150.00
Glenmorangie 10 Year Old,2376.5,3395,Whisky,N/A,,10,30%,1018.50
Glenmorangie 18 Years,16100,23000,Whisky,N/A,,10,30%,6900.00
Glenmorangie Grand Vintage Malt 1996,67060,95800,Whisky,N/A,,10,30%,28740.00
Glenmorangie Nectar D`or Whisky,6160,8800,Whisky,N/A,,10,30%,2640.00
Glenmorangie Quinta Ruban,5950,8500,Whisky,N/A,,10,30%,2550.00
Glenmorangie The Lasanta Whisky,6160,8800,Whisky,N/A,,10,30%,2640.00
Glenmorangie The Tribute 16 Years,13650,19500,Whisky,N/A,,10,30%,5850.00
Glenmorangie X Whisky,3990,5700,Whisky,N/A,,10,30%,1710.00
Glenrothes,3150,4500,Whisky,N/A,,10,30%,1350.00
Glenrothes John Ramsey,99400,142000,Whisky,N/A,,10,30%,42600.00
Glensilver 12 Years,2800,4000,Whisky,N/A,,10,30%,1200.00
Glensilver Blended Scotch,1330,1900,Whisky,N/A,,10,30%,570.00
Grace O Malley,3080,4400,Whisky,N/A,,10,30%,1320.00
Grant`s,2376.5,3395,Whisky,N/A,,10,30%,1018.50
Grants 12 Years Triplewood,3360,4800,Whisky,N/A,,10,30%,1440.00
Grants 25 Years,19600,28000,Whisky,N/A,,10,30%,8400.00
Hakushu Distillers Reserve,10499.3,14999,Whisky,N/A,,10,30%,4499.70
Hampton Dram,1396.5,1995,Whisky,N/A,,10,30%,598.50
Hibiki Suntory,19950,28500,Whisky,N/A,,10,30%,8550.00
High Commissioner Whisky,1470,2100,Whisky,N/A,,10,30%,630.00
Highland Park 10 Years Viking Scars,3640,5200,Whisky,N/A,,10,30%,1560.00
Highland Park 12 Years,4550,6500,Whisky,N/A,,10,30%,1950.00
Highland Park 14 Year Old Loyalty Of The Wolf,7210,10300,Whisky,N/A,,10,30%,3090.00
Highland Park 18 Years Old Viking Pride,12250,17500,Whisky,N/A,,10,30%,5250.00
Highland Park Eagle 16 years,5880,8400,Whisky,N/A,,10,30%,2520.00
Highland Park Spirit of The Bear,4130,5900,Whisky,N/A,,10,30%,1770.00
Highland Park Valfather,5950,8500,Whisky,N/A,,10,30%,2550.00
Hombo Iwai Premium Whisky,4060,5800,Whisky,N/A,,10,30%,1740.00
Hombo Iwai Tradition Premium Whisky,3360,4800,Whisky,N/A,,10,30%,1440.00
Hombo iwai Tradition whisky,3360,4800,Whisky,N/A,,10,30%,1440.00
Independence Blended,3430,4900,Whisky,N/A,,10,30%,1470.00
Isabella Islay Whisky,560420000,800600000,Whisky,N/A,,10,30%,240180000.00
J&B 15 Years,4550,6500,Whisky,N/A,,10,30%,1950.00
J&B Honey,2100,3000,Whisky,N/A,,10,30%,900.00
Jack Daniel 700ml Corkless,2380,3400,Whisky,Jack Daniel's,,10,30%,1020.00
Jack Daniel's Fire,2376.5,3395,Whisky,Jack Daniel's,,10,30%,1018.50
Jack Daniel's Honey,2800,4000,Whisky,Jack Daniel's,,10,30%,1200.00
Jack Daniel's Legacy No.7,4550,6500,Whisky,Jack Daniel's,,10,30%,1950.00
Jack Daniel's Master Distillers Series,4550,6500,Whisky,Jack Daniel's,,10,30%,1950.00
Jack Daniel's Sinatra,13860,19800,Whisky,Jack Daniel's,,10,30%,5940.00
Jack Daniel's Single Barrel,5250,7500,Whisky,Jack Daniel's,,10,30%,2250.00
Jack Daniel's Tennessee Apple,3990,5700,Whisky,Jack Daniel's,,10,30%,1710.00
Jack Daniel's Whiskey,2446.5,3495,Whisky,Jack Daniel's,,10,30%,1048.50
Jack Daniels Rye,3640,5200,Whisky,Jack Daniel's,,10,30%,1560.00
Jameson Black Barrel,3146.5,4495,Whisky,Jameson,,10,30%,1348.50
Jameson Whisky,2100,3000,Whisky,Jameson,,10,30%,900.00
Jameson Whisky 4.5litres,11760,16800,Whisky,Jameson,,10,30%,5040.00
Jim Beam,1609.3,2299,Whisky,Jim Beam,,10,30%,689.70
Jim Beam Double Oak,2380,3400,Whisky,Jim Beam,,10,30%,1020.00
Jim Beam Honey,1889.3,2699,Whisky,Jim Beam,,10,30%,809.70
Jim Beam Single Barrel,5250,7500,Whisky,Jim Beam,,10,30%,2250.00
JnB Rare,1610,2300,Whisky,JnB,,10,30%,690.00
John Barr Black,2376.5,3395,Whisky,N/A,,10,30%,1018.50
John Barr Red,1610,2300,Whisky,N/A,,10,30%,690.00
Johnnie Walker 18 Years,7140,10200,Whisky,Johnnie Walker,,10,30%,3060.00
Johnnie Walker A song of Ice,3990,5700,Whisky,Johnnie Walker,,10,30%,1710.00
Johnnie Walker Black Label,2516.5,3595,Whisky,Johnnie Walker,,10,30%,1078.50
Johnnie Walker Black Lowlands,6650,9500,Whisky,Johnnie Walker,,10,30%,2850.00
Johnnie Walker Blonde,3360,4800,Whisky,Johnnie Walker,,10,30%,1440.00
Johnnie Walker Blue Label,17500,25000,Whisky,Johnnie Walker,,10,30%,7500.00
Johnnie Walker Double Black,4060,5800,Whisky,Johnnie Walker,,10,30%,1740.00
Johnnie Walker Explorers Club Collection The Spice Road,6230,8900,Whisky,Johnnie Walker,,10,30%,2670.00
Johnnie Walker Gold Label,2376.5,3395,Whisky,Johnnie Walker,,10,30%,1018.50
Johnnie Walker Gold Reserve Bullion,6860,9800,Whisky,Johnnie Walker,,10,30%,2940.00
Johnnie Walker Green Label,5246.5,7495,Whisky,Johnnie Walker,,10,30%,2248.50
Johnnie Walker Odyssey,112350,160500,Whisky,Johnnie Walker,,10,30%,48150.00
Johnnie Walker Platinum Label,8400,12000,Whisky,Johnnie Walker,,10,30%,3600.00
Johnnie Walker Red Label,1540,2200,Whisky,Johnnie Walker,,10,30%,660.00
Johnnie Walker Select Cask,5040,7200,Whisky,Johnnie Walker,,10,30%,2160.00
Johnnie Walker Songs of Fire,3570,5100,Whisky,Johnnie Walker,,10,30%,1530.00
Johnnie Walker Swing,5250,7500,Whisky,Johnnie Walker,,10,30%,2250.00
Johnnie Walker Ultimate 18 Years,12950,18500,Whisky,Johnnie Walker,,10,30%,5550.00
Johnnie Walker XR,14700,21000,Whisky,Johnnie Walker,,10,30%,6300.00
Jonnie Walker Private Collection Whisky,53340,76200,Whisky,N/A,,10,30%,22860.00
Jura 12 Years Old,7000,10000,Whisky,N/A,,10,30%,3000.00
Jura 16 Years Whisky,5950,8500,Whisky,N/A,,10,30%,2550.00
Jura 21 Years Tide,12250,17500,Whisky,N/A,,10,30%,5250.00
Jura Seven Wood Whisky,4830,6900,Whisky,N/A,,10,30%,2070.00
Jura Superstition,3640,5200,Whisky,N/A,,10,30%,1560.00
Jura The Loch whisky,5740,8200,Whisky,N/A,,10,30%,2460.00
Jura The Road,5040,7200,Whisky,N/A,,10,30%,2160.00
Jura The Sound,4830,6900,Whisky,N/A,,10,30%,2070.00
Jura Two-One Two whisky,9100,13000,Whisky,N/A,,10,30%,3900.00
Jura Whisky 10 Years,4480,6400,Whisky,N/A,,10,30%,1920.00
Jura journey malt whisky,3150,4500,Whisky,N/A,,10,30%,1350.00
Kamiki Blended malt whisky,4550,6500,Whisky,N/A,,10,30%,1950.00
Kamiki Intense Wood,5950,8500,Whisky,N/A,,10,30%,2550.00
Kamiki Sakura Wood Blend,10150,14500,Whisky,N/A,,10,30%,4350.00
King George V,46900,67000,Whisky,N/A,,10,30%,20100.00
Knob Creek,3710,5300,Whisky,N/A,,10,30%,1590.00
Kura Awamori 3 Years,5249.3,7499,Whisky,N/A,,10,30%,2249.70
Kura Pure Malt,8610,12300,Whisky,N/A,,10,30%,3690.00
Kura Rum Cask Finish,11549.3,16499,Whisky,N/A,,10,30%,4949.70
Kurayoshi 12 Years,11550,16500,Whisky,N/A,,10,30%,4950.00
Kurayoshi 8 Years Pure Malt,9450,13500,Whisky,N/A,,10,30%,4050.00
Kurayoshi Matsui Sherry Cask Dom,9099.3,12999,Whisky,N/A,,10,30%,3899.70
Kurayoshi Pure Malt,12249.3,17499,Whisky,N/A,,10,30%,5249.70
Kurayoshi Sherry Cask,12949.3,18499,Whisky,N/A,,10,30%,5549.70
Lagavulin 12 Years,7560,10800,Whisky,N/A,,10,30%,3240.00
Lagavulin 16 Years,8400,12000,Whisky,N/A,,10,30%,3600.00
Laphroaig Px Cask,6930,9900,Whisky,N/A,,10,30%,2970.00
Lauders Whisky,2099.3,2999,Whisky,N/A,,10,30%,899.70
Lombard Gold Label,2099.3,2999,Whisky,N/A,,10,30%,899.70
Macallan 12 Triple cask,9240,13200,Whisky,N/A,,10,30%,3960.00
Macallan 12 Years Double Cask,9240,13200,Whisky,N/A,,10,30%,3960.00
Macallan 15 Years,21000,30000,Whisky,N/A,,10,30%,9000.00
Macallan 18 years whisky,39900,57000,Whisky,N/A,,10,30%,17100.00
Macallan A Night on Earth,16940,24200,Whisky,N/A,,10,30%,7260.00
Macallan Estate Single Malt,27790,39700,Whisky,N/A,,10,30%,11910.00
Macallan Harmony II Collection,26250,37500,Whisky,N/A,,10,30%,11250.00
Macallan Lumina,11550,16500,Whisky,N/A,,10,30%,4950.00
Macallan Rare Cask,38500,55000,Whisky,N/A,,10,30%,16500.00
Macallan oscuro,81340,116200,Whisky,N/A,,10,30%,34860.00
Maker`s Mark,2376.5,3395,Whisky,N/A,,10,30%,1018.50
Makers Mark 46 Bourbon,5599.3,7999,Whisky,N/A,,10,30%,2399.70
Makers Mark Private Select,4899.3,6999,Whisky,N/A,,10,30%,2099.70
Mars maltage cosmo,4760,6800,Whisky,N/A,,10,30%,2040.00
Monkey Shoulder,3360,4800,Whisky,Monkey Shoulder,,10,30%,1440.00
Mortlach Single Malt 14 Years,8400,12000,Whisky,N/A,,10,30%,3600.00
Mortlach Single Malt 20 Years,20999.3,29999,Whisky,N/A,,10,30%,8999.70
Naked Malt Whisky,2376.5,3395,Whisky,N/A,,10,30%,1018.50
Nikka 12 years whisky,8260,11800,Whisky,N/A,,10,30%,3540.00
Nikka All Malt,5320,7600,Whisky,N/A,,10,30%,2280.00
Nikka Coffee Grain,8960,12800,Whisky,N/A,,10,30%,3840.00
Nikka Coffey Malt Whisky,8750,12500,Whisky,N/A,,10,30%,3750.00
Nikka Days,6860,9800,Whisky,N/A,,10,30%,2940.00
Nikka Pure Malt Taketsuru,8260,11800,Whisky,N/A,,10,30%,3540.00
Nikka Rare Old Super,4900,7000,Whisky,N/A,,10,30%,2100.00
Nikka Yoichi Single Malt,11899.3,16999,Whisky,N/A,,10,30%,5099.70
Oban Little Bay,7350,10500,Whisky,N/A,,10,30%,3150.00
Old Forester Signature Bourbon,3220,4600,Whisky,N/A,,10,30%,1380.00
Paddy Irish Whisky,2799.3,3999,Whisky,N/A,,10,30%,1199.70
Passport Scotch Whisky,2376.5,3395,Whisky,N/A,,10,30%,1018.50
Proper No.Twelve Whisky,4760,6800,Whisky,N/A,,10,30%,2040.00
Rampur Asava Whisky,5530,7900,Whisky,N/A,,10,30%,2370.00
Rampur Barrel Blush,5530,7900,Whisky,N/A,,10,30%,2370.00
Rampur Double Cask Whisky,5530,7900,Whisky,N/A,,10,30%,2370.00
Rampur Single Malt Whisky,5460,7800,Whisky,N/A,,10,30%,2340.00
Red Label 750ml,1540,2200,Whisky,N/A,,10,30%,660.00
Red stag,1680,2400,Whisky,N/A,,10,30%,720.00
Reki Blended Whisky,3850,5500,Whisky,N/A,,10,30%,1650.00
Royal Salute 21 Years Sapphire Flagon,15050,21500,Whisky,N/A,,10,30%,6450.00
Safari Rare Whisky,840,1200,Whisky,N/A,,10,30%,360.00
Sexton Single Malt,4760,6800,Whisky,N/A,,10,30%,2040.00
Shackleton Blended Malt,3640,5200,Whisky,N/A,,10,30%,1560.00
Singleton 12 Yrs Luscious Nectar,3359.3,4799,Whisky,Singleton,,10,30%,1439.70
Singleton 15 Years,5040,7200,Whisky,Singleton,,10,30%,2160.00
Singleton 18 Years,6580,9400,Whisky,Singleton,,10,30%,2820.00
Sir Edward Smoky Whisky,2376.5,3395,Whisky,N/A,,10,30%,1018.50
Sir Edwards Whisky,2376.5,3395,Whisky,N/A,,10,30%,1018.50
Suntory Kakubin,5599.3,7999,Whisky,N/A,,10,30%,2399.70
Suntory Old Whisky,6650,9500,Whisky,N/A,,10,30%,2850.00
Suntory Royal Whisky,10499.3,14999,Whisky,N/A,,10,30%,4499.70
Suntory Special Reserve Whisky,8399.3,11999,Whisky,N/A,,10,30%,3599.70
Suntory Toki,4550,6500,Whisky,N/A,,10,30%,1950.00
Talisker 10 Years Whisky,4410,6300,Whisky,N/A,,10,30%,1890.00
Talisker Storm,4340,6200,Whisky,N/A,,10,30%,1860.00
Tamnavulin Double Cask Whisky,6020,8600,Whisky,N/A,,10,30%,2580.00
Teacher`s Whisky,2376.5,3395,Whisky,N/A,,10,30%,1018.50
The Ardmore,5460,7800,Whisky,N/A,,10,30%,2340.00
The Black Grouse Alpha Edition,9800,14000,Whisky,N/A,,10,30%,4200.00
Tullamore Dew,2376.5,3395,Whisky,N/A,,10,30%,1018.50
VAT 69,1365,1950,Whisky,N/A,,10,30%,585.00
Virginia Black,4410,6300,Whisky,N/A,,10,30%,1890.00
White Walker Whiskey,3076.5,4395,Whisky,N/A,,10,30%,1318.50
Whitewalker 1litre,4060,5800,Whisky,N/A,,10,30%,1740.00
Whytehall Fire,1260,1800,Whisky,N/A,,10,30%,540.00
Wild Turkey Bourbon Whisky,2096.5,2995,Whisky,N/A,,10,30%,898.50
Wild Turkey Longbranch,6650,9500,Whisky,N/A,,10,30%,2850.00
William Lawson 750ml,1610,2300,Whisky,N/A,,10,30%,690.00
William Lawsons,2376.5,3395,Whisky,N/A,,10,30%,1018.50
Woodford Reserve,4550,6500,Whisky,N/A,,10,30%,1950.00
Woodford Reserve Double Oak,8960,12800,Whisky,N/A,,10,30%,3840.00
Yamazaki 12 Year Old,31500,45000,Whisky,N/A,,10,30%,13500.00
Yamazaki Distiller`s Reserve,18550,26500,Whisky,N/A,,10,30%,7950.00
1659 Sauvignon Blanc,1396.5,1995,Wine,N/A,NGROKTEST,10,30%,598.50
1659 Sweet Rose,1326.5,1895,Wine,N/A,,10,30%,568.50
4th Street Red,3080,4400,Wine,N/A,,10,30%,1320.00
4th Street White 5L,3080,4400,Wine,N/A,,10,30%,1320.00
Alma Mora Pinot Grigio,1470,2100,Wine,N/A,,10,30%,630.00
Alma Mora Shiraz,1470,2100,Wine,N/A,,10,30%,630.00
Altar wine,1540,2200,Wine,N/A,,10,30%,660.00
Arthur Metz Crémant Rose,2166.5,3095,Wine,Arthur Metz Crémant,,10,30%,928.50
Asconi Pastoral,1470,2100,Wine,N/A,,10,30%,630.00
Asconi Red Semi Sweet,1466.5,2095,Wine,N/A,,10,30%,628.50
Belaire Rose Fantome,4480,6400,Wine,N/A,,10,30%,1920.00
Bianco Nobile,1326.5,1895,Wine,Bianco Nobile,,10,30%,568.50
Blackbird wine,1050,1500,Wine,N/A,,10,30%,450.00
Brancott Estate Sauvignon Blanc,1260,1800,Wine,N/A,,10,30%,540.00
Calvet Beaujolais Villages Rouge,2030,2900,Wine,N/A,,10,30%,870.00
Calvet Celebration Sparkling Brut-Rose,1750,2500,Wine,N/A,,10,30%,750.00
Calvet Celebration Sparkling Brut-White,1750,2500,Wine,N/A,,10,30%,750.00
Calvet Crémant Bordeaux Brut Rose,2240,3200,Wine,N/A,,10,30%,960.00
Calvet Ice Chardonnay Demi Sec,2030,2900,Wine,N/A,,10,30%,870.00
Cellar Cask Red,3219.3,4599,Wine,N/A,,10,30%,1379.70
Cellar Cask White,3360,4800,Wine,N/A,,10,30%,1440.00
Chamdor Red Wine,840,1200,Wine,N/A,,10,30%,360.00
Choco Secco White wine,1155,1650,Wine,N/A,,10,30%,495.00
Choco Toffee Red wine,1259.3,1799,Wine,Choco Toffee,,10,30%,539.70
Cono Sur 20 Barrels Cabernet Sauvignon,3570,5100,Wine,N/A,,10,30%,1530.00
Cono Sur 20 Barrels Chardonnay,3570,5100,Wine,N/A,,10,30%,1530.00
Cono Sur 20 Barrels Syrah,3570,5100,Wine,N/A,,10,30%,1530.00
Cono Sur Bicicleta Cabernet Sauvignon,1610,2300,Wine,N/A,,10,30%,690.00
Cono Sur Reserva Especial Merlot,2170,3100,Wine,N/A,,10,30%,930.00
Cono Sur Reserva Especial Sauvignon Blanc,2170,3100,Wine,N/A,,10,30%,930.00
Don Santiago Sweet Red Wine,1680,2400,Wine,N/A,,10,30%,720.00
Drostdhof Claret Select 5Litres,3426.5,4895,Wine,N/A,,10,30%,1468.50
El Esteco Atimus,5250,7500,Wine,N/A,,10,30%,2250.00
El Esteco Don David Reserve Chardonnay,1750,2500,Wine,N/A,,10,30%,750.00
El Esteco Don David Reserve Malbec,1470,2100,Wine,N/A,,10,30%,630.00
El Esteco Malbec,2765,3950,Wine,N/A,,10,30%,1185.00
Favourite Son Cabernet Malbec,1400,2000,Wine,N/A,,10,30%,600.00
Finca Las Morras Barrel Select Chardonnay,1750,2500,Wine,N/A,,10,30%,750.00
Finca Las Morras Barrel Select Malbec,1750,2500,Wine,N/A,,10,30%,750.00
Finca Las Morras Cabernet Sauvignon,1400,2000,Wine,N/A,,10,30%,600.00
Finca Las Morras Chardonnay,1400,2000,Wine,N/A,,10,30%,600.00
Finca Las Morras Malbec,1400,2000,Wine,N/A,,10,30%,600.00
Finca Las Morras Sauvignon Blanco,1400,2000,Wine,N/A,,10,30%,600.00
Finca Las Morras Shiraz,1400,2000,Wine,N/A,,10,30%,600.00
Finca Las Morras Shiraz Rose,1400,2000,Wine,N/A,,10,30%,600.00
Finca Las Morras Viognier,1400,2000,Wine,N/A,,10,30%,600.00
Fleurs de Prairie Sparkling Brut-Rose,1750,2500,Wine,N/A,,10,30%,750.00
Footprint Cabernet Sauvignon,1470,2100,Wine,N/A,,10,30%,630.00
Four Cousin`s Sweet Red,3076.5,4395,Wine,N/A,,10,30%,1318.50
Fragolino DuchesaLia,1330,1900,Wine,N/A,,10,30%,570.00
Fragolino Duchessalia Red,1330,1900,Wine,N/A,,10,30%,570.00
Frontera Cabernet Sauvignon,1679.3,2399,Wine,N/A,,10,30%,719.70
Gato Negro Merlot,1610,2300,Wine,N/A,,10,30%,690.00
Gato Negro Sauvignon Blanc,1050,1500,Wine,N/A,,10,30%,450.00
Graham's 20 Year Old Tawny Port wine,7000,10000,Wine,N/A,,10,30%,3000.00
Graham's Fine Ruby Port Wine,3150,4500,Wine,N/A,,10,30%,1350.00
Graham's Fine Tawny Wine,3150,4500,Wine,N/A,,10,30%,1350.00
Graham's Late Vintage Port wine,4200,6000,Wine,N/A,,10,30%,1800.00
KWV Cape Tawny wine,2030,2900,Wine,N/A,,10,30%,870.00
KWV Cruxland Gin,3500,5000,Wine,N/A,,10,30%,1500.00
Karlu Karlu Chardonnay Semilion,1400,2000,Wine,N/A,,10,30%,600.00
Karlu Karlu Shiraz Cabernet,1260,1800,Wine,N/A,,10,30%,540.00
Kawashima Ginjo Sake,3360,4800,Wine,N/A,,10,30%,1440.00
Kawashima Junmai Shu Sake,3150,4500,Wine,N/A,,10,30%,1350.00
Lenotti Soave Classico,1609.3,2299,Wine,N/A,,10,30%,689.70
Marquis de Mons Margaux,4270,6100,Wine,N/A,,10,30%,1830.00
Mateus Rose,1820,2600,Wine,N/A,,10,30%,780.00
Mateus Tempranillo Rose,1750,2500,Wine,N/A,,10,30%,750.00
Michel Torino Coleccion Cabernet Sauvignon,1400,2000,Wine,N/A,,10,30%,600.00
Michel Torino Coleccion Chardonnay,1400,2000,Wine,N/A,,10,30%,600.00
Michel Torino Coleccion Merlot,1400,2000,Wine,N/A,,10,30%,600.00
Michel Torino Coleccion Rose,1400,2000,Wine,N/A,,10,30%,600.00
Michel Torino Coleccion Sauvignon Blanc,1400,2000,Wine,N/A,,10,30%,600.00
Michel Torino Traditional Malbec,1400,2000,Wine,N/A,,10,30%,600.00
Michel Torino Traditional Torrontes,1400,2000,Wine,N/A,,10,30%,600.00
Mikado Red,1259.3,1799,Wine,N/A,,10,30%,539.70
Mikado White Wine,1259.3,1799,Wine,N/A,,10,30%,539.70
Mucho Mas Gold,2450,3500,Wine,Mucho Mas,,10,30%,1050.00
Mucho Mas Rose,1680,2400,Wine,Mucho Mas,,10,30%,720.00
Mucho Mas Wine,1816.5,2595,Wine,Mucho Mas,,10,30%,778.50
Mulderbosch Cabernet Sauvignon Rose,2100,3000,Wine,N/A,,10,30%,900.00
Mulderbosch Sauvignon Blanc,2100,3000,Wine,N/A,,10,30%,900.00
Mumm Champagne Rouge Rose,6440,9200,Wine,N/A,,10,30%,2760.00
Namaqua Red Dry,3080,4400,Wine,N/A,,10,30%,1320.00
Namaqua Red Sweet,2936.5,4195,Wine,N/A,,10,30%,1258.50
Namaqua Rose,2796.5,3995,Wine,N/A,,10,30%,1198.50
Nederburg Cabernet Sauvignon,1470,2100,Wine,N/A,,10,30%,630.00
Nederburg Chardonnay,1470,2100,Wine,N/A,,10,30%,630.00
Nederburg Merlot,1470,2100,Wine,N/A,,10,30%,630.00
Nederburg Pinotage,1470,2100,Wine,N/A,,10,30%,630.00
Pacheco Pereda Malbec,1750,2500,Wine,N/A,,10,30%,750.00
Parker Favourite Son Shiraz,1365,1950,Wine,N/A,,10,30%,585.00
Perle Noir Crémant d'Alsace,2450,3500,Wine,Perle Noir,,10,30%,1050.00
Pierre Marcel Sweet Red,1189.3,1699,Wine,N/A,,10,30%,509.70
Robertson Rose,1120,1600,Wine,N/A,,10,30%,480.00
Rooiberg Cabernet Sauvignon Merlot 2024,1260,1800,Wine,N/A,,10,30%,540.00
Rosso Nobile Cherry,1329.3,1899,Wine,N/A,,10,30%,569.70
Rosso Nobile Cioccolata,1329.3,1899,Wine,N/A,,10,30%,569.70
Samantha Sweet Red,1470,2100,Wine,N/A,,10,30%,630.00
San Felipe Caramagnola Rose De Malbec,1470,2100,Wine,N/A,,10,30%,630.00
Sandeman Fine Tawny Port Wine,2100,3000,Wine,N/A,,10,30%,900.00
Taittinger Brut Reserve,13440,19200,Wine,Taittinger Champagne,,10,30%,5760.00
Taittinger Prestige Rose,10150,14500,Wine,Taittinger Champagne,,10,30%,4350.00
The Guv'nor Red Wine,1536.5,2195,Wine,The Guv'nor,,10,30%,658.50
Tons de Duorum Red,1890,2700,Wine,N/A,,10,30%,810.00
Tons de Duorum Rose,1890,2700,Wine,N/A,,10,30%,810.00
Tons de Duorum White,1890,2700,Wine,N/A,,10,30%,810.00